district_id,district_name,county,enrollment,website_url,video_platform,video_url,archive_start_year,youtube_channel_id,notes,confidence,last_checked
101912,Houston ISD,Harris,187000,https://www.houstonisd.org,granicus,https://houstonisd.granicus.com/player/,2011,,Videos at granicus.com/player. Also uses Legistar for meetings after March 2023. Archive starts April 2011,high,2026-01-14
057905,Dallas ISD,Dallas,145000,https://www.dallasisd.org,swagit,http://dallasisdtx.swagit.com/,2018,,Main archive at dallasisdtx.swagit.com. Videos back to 2018. Also available at dallasisdtx.new.swagit.com,high,2026-01-14
015915,Northside ISD,Bexar,98000,https://www.nisd.net,website_archive,https://www.nisd.net/board,,,Board meetings livestreamed at nisd.net/live. Recordings available at nisd.net/board. Uses BoardDocs for agendas,high,2026-01-15
101917,Cypress-Fairbanks ISD,Harris,94000,https://www.cfisd.net,youtube,https://www.youtube.com/channel/UCEoRQL4CCofXkIh3UgD_qIg,2023,,Board Highlights page embeds YouTube videos from channel UCEoRQL4CCofXkIh3UgD_qIg. Uses BoardBook for agendas,high,2026-01-15
079907,Fort Bend ISD,Fort Bend,94000,https://www.fortbendisd.com,swagit,https://fortbendisd.new.swagit.com/,2022,,Archive dates back to at least 2022. Active with recent 2025 meetings,high,2026-01-14
220901,Fort Worth ISD,Tarrant,71000,https://www.fwisd.org,granicus,https://fortworthisd.granicus.com/,2022,,Archive includes regular and special board meetings back to 2022,high,2026-01-14
057912,Garland ISD,Dallas,70000,https://www.garlandisd.net,swagit,https://garlandisdtx.new.swagit.com/,2020,,Board of Trustees meetings archived back to 2020,high,2026-01-14
101914,Katy ISD,Harris,67000,https://www.katyisd.org,swagit,https://katyisdtx.swagit.com/,2012,,Comprehensive video archive back to 2012. Official district page at katyisd.org/board/board/board-meeting-videos,high,2026-01-14
015910,North East ISD,Bexar,67000,https://www.neisd.net,none_found,https://meetings.boardbook.org/public/Organization/1897,,,BoardBook Premier for agendas/minutes only. No video recordings or archive found,low,2026-01-15
101902,Aldine ISD,Harris,66000,https://www.aldineisd.org,youtube,https://www.youtube.com/channel/UCcc_lr7Xzmq48dYB17CM48g,,,Board meeting videos on YouTube channel UCcc_lr7Xzmq48dYB17CM48g. Recordings organized by year,high,2026-01-15
220905,Austin ISD,Travis,72000,https://www.austinisd.org,youtube,https://www.youtube.com/austinisd,,@austinisd,Board meetings on YouTube @austinisd and AISD.TV (Channel 22 Spectrum). Also on Facebook,high,2026-01-15
227901,Arlington ISD,Tarrant,57000,https://www.aisd.net,website_archive,https://www.aisd.net/district/board/meetings/archive/,,,Board meetings archive with videos and agendas on website. Uses BoardBook for documents at meetings.boardbook.org,high,2026-01-15
057914,Carrollton-Farmers Branch ISD,Dallas,30000,https://www.cfbisd.edu,swagit,https://cfbisd.new.swagit.com/,,,Board meetings on Swagit platform,high,2026-01-14
108914,Lewisville ISD,Denton,51000,https://www.lisd.net,website_archive,https://www.lisd.net/our-district/board-of-trustees/board-meetings,,,Videos posted within 24hrs of meeting on district website. Uses BoardBook at meetings.boardbook.org/Public/Organization/1194,high,2026-01-15
101920,Klein ISD,Harris,51000,https://www.kleinisd.net,website_archive,https://www.kleinisd.net/district/board_of_trustees/board_meeting_videos,,,Board meetings live-streamed and archived on website. Uses BoardBook at meetings.boardbook.org/Public/Organization/921,high,2026-01-15
108906,Denton ISD,Denton,49000,https://www.dentonisd.org,panopto,https://tetnvideo.hosted.panopto.com/,,,Videos hosted on Panopto platform. Uses BoardBook at meetings.boardbook.org/public/Organization/949,high,2026-01-14
015907,San Antonio ISD,Bexar,46000,https://www.saisd.net,website_archive,https://www.saisd.net/page/videos-school-board-meetings,,,Board meeting videos on district website. Uses BoardBook at meetings.boardbook.org/public/Organization/1982,high,2026-01-15
057916,Plano ISD,Collin,51000,https://www.planoISD.org,swagit,https://planoisdtx.new.swagit.com/,2023,,Board meeting archive back to 2023. Regular board meetings archived on Swagit,high,2026-01-14
031901,Conroe ISD,Montgomery,72000,https://www.conroeisd.net,youtube,https://www.youtube.com/@conroeisd,,@conroeisd,YouTube channel found via API: @conroeisd. Board meetings on Conroe ISD YouTube Channel. Exact channel URL not found. Third Tuesday 6pm,high,2026-01-15
227904,Mansfield ISD,Tarrant,44000,https://www.mansfieldisd.org,swagit,https://mansfieldisd.new.swagit.com/,2014,,Comprehensive video archive back to 2014 on Swagit platform,high,2026-01-14
071902,El Paso ISD,El Paso,52000,https://www.episd.org,swagit,http://elpasoisdtx.swagit.com/,2014,,Board of Trustees meetings archived on Swagit back to 2014,high,2026-01-14
015916,Judson ISD,Bexar,43000,https://www.judsonisd.org,none_found,https://meetings.boardbook.org/public/organization/1434,,,BoardBook Premier for agendas only. Claims YouTube livestreams but no videos found on YouTube or in BoardBook,low,2026-01-15
070901,Corpus Christi ISD,Nueces,38000,https://www.ccisd.us,granicus,https://ccisd.granicus.com/,,,Regular board meetings archived on Granicus platform,high,2026-01-14
161914,Frisco ISD,Collin,67000,https://www.friscoisd.org,swagit,https://friscoisdtx.new.swagit.com/,2019,,Board of Trustees meetings on Swagit. Video archive back to 2019,high,2026-01-14
079901,Lamar Consolidated ISD,Fort Bend,42000,https://www.lcisd.org,swagit,https://lamarcisdtx.new.swagit.com/,,,Board meetings live-streamed and archived on Swagit. Also uses BoardBook at meetings.boardbook.org/public/Organization/2273,high,2026-01-14
101907,Spring Branch ISD,Harris,35000,https://www.springbranchisd.com,swagit,https://springbranchisdtx.new.swagit.com/,2020,,Board meetings on Swagit back to 2020. Video archive available,high,2026-01-14
220906,Hurst-Euless-Bedford ISD,Tarrant,34000,https://www.hebisd.edu,boarddocs,https://go.boarddocs.com/tx/hebisd/Board.nsf/Public,,,Uses BoardDocs for agendas and meetings. Also mentions YouTube channel for videos,medium,2026-01-14
220916,Keller ISD,Tarrant,36000,https://www.kellerisd.net,youtube,https://www.youtube.com/kellerisd,,@kellerisd,Board meetings livestreamed on YouTube @kellerisd. Archive available since June 2024. Playlist at youtube.com/playlist?list=PLsN83hm_WEq7TOpLFK4AY0FqxKgQYb4tK,high,2026-01-15
057910,Mesquite ISD,Dallas,35000,https://www.mesquiteisd.org,swagit,https://mesquiteisdtx.new.swagit.com/,,,Board meetings archived on Swagit platform,high,2026-01-14
057909,Irving ISD,Dallas,34000,https://www.irvingisd.net,swagit,http://irvingisdtx.swagit.com/,2012,,Board of Trustees meetings on Swagit. Archive back to 2012. Also at irvingisdtx.new.swagit.com,high,2026-01-14
170902,Midland ISD,Midland,26000,https://www.midlandisd.net,youtube,https://www.youtube.com/@misdmedia8725,2018,@misdmedia8725,YouTube channel @misdmedia8725 found via manual web search. Board meetings archived on YouTube from 2018-2025. Uses BoardBook at meetings.boardbook.org/public/organization/641,high,2026-01-15
227913,Grand Prairie ISD,Dallas,33000,https://www.gpisd.org,swagit,https://grandprairieisdtx.new.swagit.com/,2017,,Board of Trustees meetings on Swagit. Archive back to 2017,high,2026-01-14
101919,Humble ISD,Harris,47000,https://www.humbleisd.net,boarddocs,https://www.humbleisd.net/boardmeetinglive,,,Board meetings livestreamed at humbleisd.net/boardmeetinglive. Past recordings on BoardDocs/Diligent portal,high,2026-01-15
015917,Southwest ISD,Bexar,33000,https://www.swisd.net,youtube,https://www.youtube.com/@southwestisdschoolboard2648,,@southwestisdschoolboard2648,YouTube channel found via API: @southwestisdschoolboard2648. Board meetings posted on YouTube. Channel URL not found. Uses BoardBook for agendas,high,2026-01-15
101903,Alief ISD,Harris,42000,https://www.aliefisd.net,website_stream,https://video.aliefisd.net/,,,Board meetings livestreamed at video.aliefisd.net. Archive status requires login verification. Uses BoardBook at meetings.boardbook.org/public/Organization/770,medium,2026-01-15
108904,Little Elm ISD,Denton,28000,https://www.leisd.net,swagit,https://littleelmisdtx.new.swagit.com/,,,Board meetings on Swagit platform. Uses Granicus for agenda attachments,high,2026-01-14
178904,Killeen ISD,Bell,42000,https://www.killeenisd.org,swagit,https://killeenisdtx.new.swagit.com/,,,Board meetings archived on Swagit. Recent meetings from 2025 available,high,2026-01-14
174902,Brownsville ISD,Cameron,40000,https://www.bisd.us,website_archive,https://www.bisd.us/page/live-stream,,,Board meetings livestreamed and archived at bisd.us/page/live-stream. Uses BoardBook for agendas,high,2026-01-15
178912,Temple ISD,Bell,14000,https://www.tisd.org,citizenportal,https://citizenportal.ai/,,,BoardBook for agendas. CitizenPortal.ai has videos but requires paid subscription - not free public access,low,2026-01-15
101913,Pasadena ISD,Harris,48000,https://www.pasadenaisd.org,website_archive,https://pisd.ss4.sharpschool.com/school_board/board_meeting_videos,,,Recorded board meetings on district website. Uses BoardBook at meetings.boardbook.org/Public/Organization/1894,high,2026-01-15
071905,Socorro ISD,El Paso,46000,https://www.sisd.net,youtube,https://meetings.boardbook.org/public/Organization/2313,,,Each meeting has unique YouTube livestream link. BoardBook Premier has embedded links for each meeting,high,2026-01-15
068901,Ector County ISD,Ector,35000,https://www.ectorcountyisd.org,swagit,https://ectorcountyisdtx.new.swagit.com/,,,Board meetings on Swagit platform,high,2026-01-14
227907,Birdville ISD,Tarrant,23000,https://www.birdvilleschools.net,swagit,https://birdvilleisdtx.new.swagit.com/,2017,,Board meetings on Swagit. Archive back to 2017,high,2026-01-14
227910,Crowley ISD,Tarrant,26000,https://www.crowleyisdtx.org,swagit,https://crowleyisdtx.new.swagit.com/,2020,,Board meetings on Swagit. Archive back to 2020,high,2026-01-14
015912,Harlandale ISD,Bexar,14000,https://www.harlandale.net,youtube,https://www.youtube.com/@harlandaleisdsatx,,@harlandaleisdsatx,YouTube channel found via API: @harlandaleisdsatx. Livestream on Harlandale ISD YouTube Channel. Videos posted within 5 days. Channel URL not found,high,2026-01-15
015908,South San Antonio ISD,Bexar,9000,https://www.southsanisd.net,youtube,https://www.youtube.com/@SouthSanAntonio,,@SouthSanAntonio,Recordings on YouTube @SouthSanAntonio. Live stream at southsanisd.net/live. Uses BoardBook for agendas,high,2026-01-15
137902,Lubbock ISD,Lubbock,29000,https://www.lubbockisd.org,swagit,https://lubbockisdtx.new.swagit.com/,2021,,Board meetings and workshops on Swagit. Archive back to 2021,high,2026-01-14
020905,Waco ISD,McLennan,20000,https://www.wacoisd.org,website_archive,https://www.wacoisd.org/board/board-meetings/board-meetings,,,Board meeting videos on wacoisd.org. Live stream at wacoisd.org/live. Uses BoardBook at meetings.boardbook.org/public/Organization/1965,high,2026-01-15
084902,Amarillo ISD,Potter,28000,https://www.amaisd.org,website_archive,https://video.amaisd.org/,,,Board meetings on dedicated video subdomain video.amaisd.org. Uses BoardBook at meetings.boardbook.org/Public/Organization/1931,high,2026-01-15
246901,Round Rock ISD,Williamson,47000,https://www.roundrockisd.org,boarddocs,https://go.boarddocs.com/tx/rrisd/Board.nsf/Public,,,Uses BoardDocs for meetings and agendas. Video availability through BoardDocs portal,high,2026-01-14
165906,McKinney ISD,Collin,38000,https://www.mckinneyisd.net,swagit,https://mckinneyisdtx.new.swagit.com/,2019,,Board meetings on Swagit. Video archive back to 2019,high,2026-01-14
246904,Leander ISD,Williamson,41000,https://www.leanderisd.org,website_archive,https://mediaspace.leanderisd.org/playlist/dedicated/36948912/1_1xfxrstf/1_z5nol3rv,,,Board meetings on Mediaspace video hub. Live stream at leanderisd.org/boardlivestream. Uses BoardBook at meetings.boardbook.org/Public/Organization/795,high,2026-01-15
246909,Pflugerville ISD,Travis,27000,https://www.pfisd.net,swagit,https://pfisd.new.swagit.com/,2021,,Board meetings and workshops on Swagit. Archive back to 2021,high,2026-01-14
161902,Allen ISD,Collin,23000,https://www.allenisd.org,swagit,https://allenisd.new.swagit.com/,2009,,Board meetings on Swagit. Archive back to 2009,high,2026-01-14
015903,East Central ISD,Bexar,11000,https://www.ecisd.net,diligent,https://eastcentralisd.diligent.community/Portal/,,,Diligent Community portal has Board Meeting Live Stream and Previous Board Meeting Videos sections,high,2026-01-15
057917,Wylie ISD,Collin,18000,https://www.wylieisd.net,youtube,https://www.youtube.com/user/TheWylieISD,,@TheWylieISD,Board meetings livestreamed on YouTube @TheWylieISD. Archive also available on district website video page,high,2026-01-15
057920,Coppell ISD,Dallas,13000,https://www.coppellisd.com,swagit,https://coppellisd.new.swagit.com/,2021,,Board meetings on Swagit. Archive back to 2021,high,2026-01-14
161909,Prosper ISD,Collin,27000,https://www.prosper-isd.net,website_archive,https://www.prosper-isd.net/domain/727,,,Board meeting recaps with videos on district website. Uses BoardBook at meetings.boardbook.org/Public/Organization/2084,high,2026-01-15
161908,Celina ISD,Collin,11000,https://www.celinaisd.com,boardbook,https://meetings.boardbook.org/Public/Organization/758,,,Uses BoardBook Premier for agendas. No official video archive found. News stations cover some meetings,low,2026-01-15
220915,Eagle Mountain-Saginaw ISD,Tarrant,25000,https://www.emsisd.com,website_archive,https://www.emsisd.com/about-ems-isd/board-of-education/board-meeting-notices-agendas-minutes-and-videos,,,Board meetings livestreamed and archived on district website. Uses BoardBook at meetings.boardbook.org/public/Organization/1017,high,2026-01-15
220909,Grapevine-Colleyville ISD,Tarrant,14000,https://www.gcisd.net,website_archive,https://www.gcisd.net/page/meeting-agendas-board-summaries-minutes-and-videos,,,Board meetings on district website. Uses BoardBook at meetings.boardbook.org/public/Organization/1198,high,2026-01-15
071910,Ysleta ISD,El Paso,40000,https://www.yisd.net,granicus,https://ysletaschoolstx.iqm2.com/Citizens/Default.aspx,,,Board meetings on Granicus meeting portal. Can browse meetings and notices,high,2026-01-14
227902,Burleson ISD,Tarrant,10000,https://www.burlesonisd.net,website_archive,https://www.burlesonisd.net/our-district/board-of-trustees/board-meeting-video-archive,,,Board meeting video archive on district website. Live stream available. Uses BoardBook at meetings.boardbook.org/public/Organization/1384,high,2026-01-15
220912,Lake Worth ISD,Tarrant,3000,https://www.lwisd.org,none_found,https://meetings.boardbook.org/Public/Organization/842,,,BoardBook for agendas only. District under TEA takeover as of 2026. No video archive found,low,2026-01-15
057919,Lancaster ISD,Dallas,7000,https://www.lancasterisd.org,swagit,https://lancasterisdtx.new.swagit.com/views/309/,2021,,Comprehensive video archive with Board of Trustees Regular Meetings back to 2021,high,2026-01-14
101908,Clear Creek ISD,Galveston,42000,https://www.ccisd.net,youtube,https://www.youtube.com/@ccisdtv,,@ccisdtv,Board meetings livestreamed and archived on YouTube @ccisdtv. Fourth Monday of each month,high,2026-01-15
057907,Duncanville ISD,Dallas,13000,https://www.duncanvilleisd.org,none_found,https://meetings.boardbook.org/public/Organization/858,,,BoardBook for agendas only. Meeting notices mention recordings posted to website but no video archive found,low,2026-01-15
057915,Cedar Hill ISD,Dallas,9000,https://www.chisd.net,none_found,https://meetings.boardbook.org/public/Organization/1600,,,BoardBook for agendas. Livestream info page exists but no video archive. Historical COVID-era streaming URLs from 2020-2021 only,low,2026-01-15
227908,Everman ISD,Tarrant,7000,https://www.eisd.org,none_found,https://meetings.boardbook.org/public/Organization/1454,,,BoardBook agendas only - no videos,low,2026-01-14
101911,Galena Park ISD,Harris,22000,https://www.galenaparkisd.com,youtube,https://www.youtube.com/channel/UCIE5RuIrMgd0-ikIzz689EQ,2021,@GalenaParkISD,Board meetings archived on YouTube @GalenaParkISD channel. Videos organized by school year back to August 2021,high,2026-01-15
101905,Channelview ISD,Harris,10000,https://www.cvisd.org,swagit,https://cvisd.new.swagit.com/,,,Found June 2021 board meeting on Swagit. Full archive not confirmed,medium,2026-01-14
101910,Deer Park ISD,Harris,14000,https://www.dpisd.org,website_archive,https://www.dpisd.org/apps/video/,,,Board of Trustees meetings archived on Vimeo (vimeo.com/album/3736131). Video gallery on district website,high,2026-01-15
101904,La Porte ISD,Harris,8000,https://www.lpisd.org,youtube,https://www.youtube.com/@laporteisd,,@laporteisd,YouTube channel found via API: @laporteisd. District mentions YouTube livestreams for board meetings but channel URL not found,high,2026-01-15
101918,Sheldon ISD,Harris,8000,https://www.sheldonisd.com,none_found,https://meetings.boardbook.org/Public/Organization/1876,,,BoardBook agendas only - no videos (historical Zoom during COVID),low,2026-01-14
101906,Goose Creek CISD,Harris,25000,https://www.gccisd.net,none_found,https://meetings.boardbook.org/public/Organization/1195,,,BoardBook for agendas only. No video archive found despite page title mentioning videos,low,2026-01-15
079902,Stafford MSD,Fort Bend,4000,https://www.staffordmsd.org,swagit,https://staffordmsdtx.v3.swagit.com/,2016,,Board of Trustees meetings on Swagit. Archive back to 2016,high,2026-01-14
246903,Hays CISD,Hays,23000,https://www.hayscisd.net,swagit,https://hayscisdtx.new.swagit.com/,2021,,Board meetings and agenda workshops on Swagit. Videos back to 2021,high,2026-01-14
246907,San Marcos CISD,Hays,9000,https://www.smcisd.net,none_found,https://meetings.boardbook.org/public/Organization/981,,,BoardBook for agendas/documents only. No video archive or livestream confirmed,low,2026-01-15
015914,Schertz-Cibolo-Universal City ISD,Guadalupe,16000,https://www.scucisd.org,youtube,https://www.youtube.com/@schertz-cibolo-universalci9534,,@schertz-cibolo-universalci9534,YouTube channel found via API: @schertz-cibolo-universalci9534. Board meetings livestreamed on YouTube. Channel URL via tinyurl link,high,2026-01-15
015913,Edgewood ISD,Bexar,11000,https://www.eisd.net,youtube,https://www.youtube.com/@edgewoodisd-sanantoniotx9052,,@edgewoodisd-sanantoniotx9052,YouTube channel found via API: @edgewoodisd-sanantoniotx9052. Board meeting videos posted on YouTube channel. Channel URL not found,high,2026-01-15
015909,Somerset ISD,Bexar,6000,https://www.sisdk12.net,none_found,https://meetings.boardbook.org/Public/Organization/2259,,,BoardBook agendas only - no videos,low,2026-01-14
212902,United ISD,Webb,45000,https://www.uisd.net,youtube,https://www.youtube.com/channel/UCDwNg23atQP7q8z0Xx0WEFw,,channel/UCDwNg23atQP7q8z0Xx0WEFw,YouTube channel UCDwNg23atQP7q8z0Xx0WEFw found via web search (3600 subs 1132 videos). Board meetings livestreamed on YouTube. Uses BoardBook at meetings.boardbook.org/Public/Organization/2029,high,2026-01-15
212901,Laredo ISD,Webb,24000,https://www.laredoisd.org,none_found,https://meetings.boardbook.org/Public/Organization/2520,,,BoardBook agendas only - no videos,low,2026-01-14
108907,Carrollton-Farmers Branch ISD,Denton,4000,https://www.cfbisd.edu,swagit,https://cfbisd.new.swagit.com/,2023,,Board meetings on Swagit. Archive back to at least 2023,high,2026-01-14
108909,Argyle ISD,Denton,6000,https://www.argyleisd.com,youtube,https://www.youtube.com/@ArgyleISD,,@ArgyleISD,Regular and special meetings livestreamed on YouTube @ArgyleISD. Recordings at 6pm third Thursday. Workshops recorded next day,high,2026-01-15
031902,Willis ISD,Montgomery,15000,https://www.willisisd.org,none_found,https://www.willisisd.org/Page/3979,,,Board Minutes page exists but no videos found. No video archive confirmed,low,2026-01-15
031906,New Caney ISD,Montgomery,20000,https://www.newcaneyisd.org,website_archive,https://www.newcaneyisd.org/our-district/board-of-trustees/meeting-dates-recordings,2022,,Meeting Dates & Recordings page with video archives on district website back to 2022-2023,high,2026-01-15
031909,Magnolia ISD,Montgomery,15000,https://www.magnoliaisd.org,citizenportal,https://citizenportal.ai/,,,Board meeting videos mentioned on CitizenPortal.ai. Official district archive not found,medium,2026-01-14
031907,Montgomery ISD,Montgomery,11000,https://www.misd.org,website_archive,https://www.misd.org/about/board/board_meeting_videos,,,Board meeting videos posted on district website within 24-48 hours of meetings,high,2026-01-15
031905,Splendora ISD,Montgomery,4000,https://www.splendoraisd.org,citizenportal,https://citizenportal.ai/,,,Board meeting videos and transcripts on CitizenPortal.ai. Official district archive not found,medium,2026-01-14
246906,Georgetown ISD,Williamson,14000,https://www.georgetownisd.org,none_found,https://www.georgetownisd.org/,,,No video archive found. District may have informational videos but not board meetings,low,2026-01-14
220904,Azle ISD,Tarrant,6000,https://www.azleisd.net,audio_only,https://www.azleisd.net/documents/district/board-of-trustees/board-meeting-audio-recordings/16482006,2024,,Audio recordings only. No video found. BoardBook for agendas,low,2026-01-14
220917,Kennedale ISD,Tarrant,5000,https://www.kennedaleisd.net,youtube,https://www.youtube.com/kennedaleisd,,@kennedaleisd,Board meetings on YouTube @kennedaleisd with dedicated board meetings playlist,high,2026-01-15
178906,Belton ISD,Bell,10000,https://www.bisd.net,youtube,https://www.youtube.com/channel/UC_aM8OsTI3PMDsgszlHA2og,,,Board meetings livestreamed and archived on YouTube channel UC_aM8OsTI3PMDsgszlHA2og. Third Monday monthly at 6:15pm,high,2026-01-15
178909,Academy ISD,Bell,2000,https://www.academyisd.net,none_found,https://meetings.boardbook.org/public/Organization/2299,,,BoardBook agendas only - no videos,low,2026-01-14
178911,Salado ISD,Bell,2000,https://www.saladoisd.org,none_found,https://meetings.boardbook.org/Public/Organization/1288,,,BoardBook for agendas. District has promotional videos but no board meeting recordings found,low,2026-01-15
161916,Anna ISD,Collin,7000,https://www.annaisd.org,none_found,https://meetings.boardbook.org/Public/Organization/849,,,BoardBook for agendas. District newsroom has promotional content but no board meeting videos found,low,2026-01-15
161911,Community ISD,Collin,3000,https://www.communityisd.org,none_found,https://www.communityisd.org/,,,Board meetings mentioned but may not meet recording requirements. No videos found,low,2026-01-14
220902,White Settlement ISD,Tarrant,6000,https://www.wsisd.com,none_found,https://meetings.boardbook.org/Public/Organization/1404,,,BoardBook for agendas. Historical COVID-era meeting links mentioned but no current video archive found,low,2026-01-15
161915,Rockwall ISD,Rockwall,9000,https://www.rockwallisd.com,swagit,https://rockwallisdtx.new.swagit.com/views/631/,2020,,Board meetings on Swagit with archive back to at least 2020,high,2026-01-15
108910,Lake Dallas ISD,Denton,5000,https://www.ldisd.net,website_archive,https://www.ldisd.net/about-us/board-of-trustees/live-archived-board-meetings,,,Live and archived board meetings on district website. Uses BoardBook for agendas,high,2026-01-15
071908,Canutillo ISD,El Paso,6000,https://www.canutillo-isd.org,youtube,https://www.youtube.com/@canutilloisdpremier,,@canutilloisdpremier,YouTube channel found via API: @canutilloisdpremier. Board meetings livestreamed on YouTube channel. Fourth Tuesday monthly. Channel URL not found. Uses BoardBook for agendas,high,2026-01-15
071907,San Elizario ISD,El Paso,4000,https://www.seisd.net,none_found,https://meetings.boardbook.org/public/Organization/2311,,,BoardBook for agendas only. No video archive confirmed,low,2026-01-15
161904,Princeton ISD,Collin,8000,https://www.princetonisd.net,youtube,https://www.youtube.com/@princetonisd,,@princetonisd,YouTube channel found via API: @princetonisd. Board meetings recorded live on YouTube channel. Channel URL not found. Uses BoardBook for agendas,high,2026-01-15
079909,Needville ISD,Fort Bend,2000,https://www.needvilleisd.com,none_found,https://meetings.boardbook.org/public/Organization/1347,,,BoardBook for agendas only. Virtual meeting details page but no video archive confirmed,low,2026-01-15
161917,Lovejoy ISD,Collin,5000,https://www.lovejoyisd.net,website_archive,https://www.lovejoyisd.net/page/board-meeting-video-archive,,,Board Meeting Video Archive on district website. Uses BoardBook at meetings.boardbook.org/Public/Organization/856,high,2026-01-15
220910,Carroll ISD,Tarrant,8000,https://www.southlakecarroll.edu,swagit,https://carrollisdtx.new.swagit.com/,,,Board Meeting Videos page on district website + Swagit platform. First and third Monday monthly,high,2026-01-15
220919,Weatherford ISD,Parker,7000,https://www.weatherfordisd.com,none_found,https://meetings.boardbook.org/public/Organization/992,,,BoardBook for agendas only. Second Monday monthly. No video archive found,low,2026-01-15
246910,Taylor ISD,Williamson,2000,https://www.taylorisd.org,diligent,https://taylorisd.diligent.community/Portal/,,,Diligent Community portal for meetings. Uses BoardBook at meetings.boardbook.org/Public/Organization/2401. Video archive not confirmed,medium,2026-01-15
246908,Jarrell ISD,Williamson,3000,https://www.jarrellisd.org,none_found,https://www.jarrellisd.org/Page/63,,,Board meeting agendas page exists. Third Wednesday monthly. No video archive found,low,2026-01-15
071904,Clint ISD,El Paso,12000,https://www.clintweb.net,website_archive,https://www.clintweb.net/board-of-trustees/agendas-minutes-meetings-videos,,,Board meeting videos available on district website at clintweb.net. Uses BoardBook for documents. Second Tuesday monthly,high,2026-01-15
161910,Melissa ISD,Collin,5000,https://www.melissaisd.org,website_stream,https://www.melissaisd.org/live-feed,,,Live Feed page on district website. Uses BoardBook at meetings.boardbook.org/public/Organization/716. Archive status not confirmed,medium,2026-01-15
161903,Wylie ISD,Rockwall,8000,https://www.wylieisd.net,website_archive,https://www.wylieisd.net/our-district/school-board/video-archive,,@TheWylieISD,Board Meeting Video Archive on district website with date range filters. Also livestreamed on YouTube channel @TheWylieISD (youtube.com/user/TheWylieISD). Uses BoardBook at meetings.boardbook.org/public/Organization/2275,high,2026-01-15
057918,Highland Park ISD,Dallas,7000,https://www.hpisd.org,none_found,https://meetings.boardbook.org/public/Organization/2024,,,BoardBook Premier for agendas and minutes. Video gallery exists but contains promotional content only. No board meeting videos found,low,2026-01-15
108903,Aubrey ISD,Denton,4000,https://www.aubreyisd.net,none_found,https://meetings.boardbook.org/Public/Organization/1857,,,BoardBook Premier for agendas. No video archive found,low,2026-01-15
057908,DeSoto ISD,Dallas,9000,https://www.desotoisd.org,swagit,https://desotoisdtx.swagit.com/board-meetings,,,Board meetings on Swagit platform. Also available at desotoisdtx.swagit.com/live for livestreaming,high,2026-01-15
220908,Godley ISD,Johnson,2000,https://www.godleyisd.net,youtube,https://www.godleyisd.net/school-board/meeting-videos,,,Board meetings archived on YouTube channel and available on district website. Monthly meetings at 6pm on Mondays. Uses BoardBook at meetings.boardbook.org/public/Organization/2605,high,2026-01-15
220903,Aledo ISD,Parker,6000,https://www.aledoisd.org,swagit,https://aledoisdtx.new.swagit.com/,,,Board meeting videos on Swagit platform. Dedicated page at aledoisd.org/school-board/school-board/board-meeting-videos. Monthly meetings at 6pm. Uses BoardBook at meetings.boardbook.org/Public/Organization/871,high,2026-01-15
015904,Southside ISD,Bexar,6000,https://southsideisd.org,youtube,https://www.youtube.com/playlist?list=PLmF4iR4gkH0NZd3BZRpL17v8QWJUJVtsn,,,Board Meeting Videos on YouTube playlist. Board meetings page at southsideisd.org/board/meetings/. Uses BoardBook at meetings.boardbook.org/public/Organization/874,high,2026-01-15
161912,Farmersville ISD,Collin,3000,https://www.farmersvilleisd.net,none_found,https://meetings.boardbook.org/Public/Organization/1008,,,BoardBook for agendas. District does not meet minimum population requirements for online video recordings. Uses BoardBook at meetings.boardbook.org/Public/Organization/1008,low,2026-01-15
071906,Fabens ISD,El Paso,2000,https://www.fabensisd.net,none_found,https://meetings.boardbook.org/public/organization/1346,,,BoardBook for agendas and minutes. No video archive found,low,2026-01-15
246902,Del Valle ISD,Travis,11000,https://www.delvalleisd.net,swagit,https://delvalleisdtx.new.swagit.com/,2020,,Board meetings on Swagit platform. Archive back to at least 2020. Also available at older domain delvalleisdtx.swagit.com/play,high,2026-01-15
246905,Manor ISD,Travis,13000,https://www.manorisd.net,youtube,https://www.youtube.com/@manorisdtv,,@manorisdtv,Board meetings livestreamed and archived on YouTube @manorisdtv. Found via district Board of Trustees page. Third Monday monthly at 5pm,high,2026-01-15
246912,Lake Travis ISD,Travis,12000,https://laketravisisd.net,swagit,https://laketravisisdtx.new.swagit.com/,,,Found via pattern matching. Swagit platform at https://laketravisisdtx.new.swagit.com/. Automated discovery.,high,2026-01-15
220911,Granbury ISD,Hood,6000,https://www.granburyisd.org,youtube,https://www.youtube.com,,Board meetings livestreamed on YouTube. Example video found at youtube.com/live/YhYCle-UMdo. Uses BoardBook at meetings.boardbook.org/public/Organization/772,high,2026-01-15,
108908,Pilot Point ISD,Denton,2000,https://www.pilotpointisd.com,website_archive,https://www.pilotpointisd.com/apps/pages/index.jsp?uREC_ID=408865&type=d&pREC_ID=787063,2025,,School Board Recordings hosted on Google Drive. Meetings from July-December 2025 available. Archived recordings page exists for older meetings,high,2026-01-15
220920,Springtown ISD,Parker,4000,https://www.springtownisd.net,none_found,https://meetings.boardbook.org/public/Organization/1407,,,BoardBook Premier for agendas. No video archive found on district website,low,2026-01-15
220918,Mineral Wells ISD,Palo Pinto,3000,https://www.mwisd.net,none_found,https://meetings.boardbook.org/public/Organization/957,,,BoardBook Premier for agendas. Board meets 2nd Monday at 5:30pm. No video archive confirmed,low,2026-01-15
108915,Sanger ISD,Denton,4000,https://www.sangerisd.net,none_found,https://meetings.boardbook.org/Public/Organization/666,,,BoardBook for agendas. Board meets at 6pm. No Swagit or YouTube archive found,low,2026-01-15
227903,Joshua ISD,Johnson,5000,https://www.joshuaisd.org,none_found,https://www.joshuaisd.org,,,No video archive found. Board meeting minutes available but no video platform identified,low,2026-01-15
227905,Cleburne ISD,Johnson,6000,https://www.c-isd.com,none_found,https://meetings.boardbook.org/public/Organization/1684,,,BoardBook Premier for agendas. Board meets 3rd Monday monthly. No video archive found. City of Cleburne uses Swagit but not the ISD,low,2026-01-15
227909,Castleberry ISD,Tarrant,3000,https://www.castleberryisd.net,none_found,https://meetings.boardbook.org/Public/Organization/1090,,,BoardBook for agendas. Board meets 2nd Monday monthly. No video archive found,low,2026-01-15
108911,Ponder ISD,Denton,1500,https://www.ponderisd.net,none_found,https://meetings.boardbook.org/public/Organization/2363,,,BoardBook Premier for agendas. No video archive found,low,2026-01-15
220907,Venus ISD,Johnson,2000,https://www.venusisd.net,none_found,https://meetings.boardbook.org/Public/Organization/636,,,BoardBook for agendas. Board meets 3rd Monday at 7pm. No video archive found,low,2026-01-15
101915,Dickinson ISD,Galveston,10000,https://dickinsonisd.net,swagit,https://dickinsonisdtx.new.swagit.com/,,,Found via pattern matching. Swagit platform at https://dickinsonisdtx.new.swagit.com/. Automated discovery.,high,2026-01-15
101922,Hitchcock ISD,Galveston,2000,https://www.hitchcockisd.org,none_found,https://www.hitchcockisd.org/school-board/upcoming-meetings,,,Board meets 4th Monday at 6:30pm. No video archive found,low,2026-01-15
101921,Texas City ISD,Galveston,6000,https://www.tcisd.org,youtube,https://www.youtube.com,,,TCISD TV YouTube channel exists. Audio recordings starting Sept 2025. Video status unclear. Uses Diligent at tcisd.diligent.community,medium,2026-01-15
101909,Friendswood ISD,Galveston,6000,https://www.myfisd.com,diligent,https://www.myfisd.com,,,Board minutes from 2007-present available through Diligent. Board meets 2nd Monday monthly. Video status not confirmed,medium,2026-01-15
246911,Lago Vista ISD,Travis,2000,https://www.lagovistaisd.net,none_found,https://www.lagovistaisd.net/page/board.agendas,,,Board agendas available. Board meets 2nd Monday at 6pm. No video archive found. City of Lago Vista uses Swagit but not the ISD,low,2026-01-15
101916,Santa Fe ISD,Galveston,5000,https://www.sfisd.org,website_archive,https://www.sfisd.org,,,Board meetings section with archived meetings available. Videos published to website since Aug 2018. Board meets 3rd Monday at 7pm,medium,2026-01-15
057911,Desoto ISD,Dallas,9000,https://desotoisd.net,swagit,https://desotoisdtx.new.swagit.com/,,,Found via pattern matching. Swagit platform at https://desotoisdtx.new.swagit.com/. Automated discovery.,high,2026-01-15
161907,Plano ISD,Collin,51000,https://planoisd.net,swagit,https://planoisdtx.new.swagit.com/,,,Found via pattern matching. Swagit platform at https://planoisdtx.new.swagit.com/. Automated discovery.,high,2026-01-15
079908,Pearland ISD,Brazoria,23000,https://www.pearlandisd.org,youtube,https://www.youtube.com/@ThePearlandISD,,@ThePearlandISD,Board meetings on YouTube @ThePearlandISD. Meetings recorded and available within 7 days. Archive at pearlandisd.org/board-of-trustees/meeting-recordings/meeting-archive,high,2026-01-15
174905,San Benito CISD,Cameron,11000,https://www.sbcisd.net,website_archive,https://www.sbcisd.net/apps/pages/index.jsp?uREC_ID=884622&type=d&pREC_ID=1236070,,,Board Meeting Videos on district website. Also livestreamed on Facebook Live @sbcisd. Uses BoardDocs at go.boarddocs.com/tx/sbcisd/Board.nsf,high,2026-01-15
174904,La Feria ISD,Cameron,3000,https://www.laferiaisd.org,website_archive,http://www.laferiaisd.org/school_board/board_meeting_videos,,,Board Meeting Videos page on district website. Uses BoardBook at meetings.boardbook.org/public/Organization/1835,high,2026-01-15
079904,Angleton ISD,Brazoria,5000,https://www.angletonisd.net,website_archive,https://www.angletonisd.net/live-feed,,,Live Feed page and Board Meeting Recaps available. Board Meeting Reports organized by year 2020-2024. Uses BoardBook at meetings.boardbook.org/Public/Organization/1874,medium,2026-01-15
164925,Barbers Hill ISD,Chambers,7000,https://www.bhisd.net,website_archive,https://www.bhisd.net/cf_media/index.cfm?g=615,,,Board Meeting Special Recognitions videos on district media page. Uses BoardBook at meetings.boardbook.org/public/Organization/1110,medium,2026-01-15
174903,Los Fresnos CISD,Cameron,7000,https://www.lfcisd.net,boardbook,https://meetings.boardbook.org/Public/Organization/887,,,Board meets 2nd Monday at 6pm. Uses BoardBook for agendas. YouTube channel mentioned but URL not confirmed,medium,2026-01-15
174901,Harlingen CISD,Cameron,18000,https://www.hcisd.org,citizenportal,https://citizenportal.ai/,,,CitizenPortal.ai provides AI summaries with video and transcripts. District has HCISD TV station. Uses BoardBook at meetings.boardbook.org/public/Organization/1015,medium,2026-01-15
079905,Brazosport ISD,Brazoria,12000,https://www.brazosportisd.net,none_found,https://meetings.boardbook.org/Public/Organization/877,,,BoardBook Premier for agendas. Board meets 3rd Monday at 6pm. No video archive confirmed,low,2026-01-15
079906,Columbia-Brazoria ISD,Brazoria,3000,https://www.cbisd.com,none_found,https://meetings.boardbook.org/Public/Organization/1290,,,BoardBook for agendas. Board meets 3rd Tuesday at 6pm. No video archive found,low,2026-01-15
079910,Sweeny ISD,Brazoria,2000,https://www.sweenyisd.org,website_stream,https://www.sweenyisd.org/school-board,,,Board meetings livestreamed on Zoom. No archive confirmed. Meeting info on district website,low,2026-01-15
101923,Crosby ISD,Harris,6000,https://www.crosbyisd.org,none_found,https://meetings.boardbook.org/public/organization/1018,,,BoardBook for agendas. Board Briefs published monthly. Board meets 3rd Monday at 7pm. No video archive found,low,2026-01-15
101924,Huffman ISD,Harris,3000,https://www.huffmanisd.net,none_found,https://meetings.boardbook.org/Public/Organization/2641,,,BoardBook for agendas. No video archive confirmed,low,2026-01-15
079903,Alvin ISD,Brazoria,25000,https://www.alvinisd.net,none_found,https://www.alvinisd.net,,,Board meeting dates posted. No video archive found,low,2026-01-15
101901,Baytown ISD,Harris,20000,https://www.gccisd.net,none_found,https://meetings.boardbook.org/public/Organization/1195,,,Note: Baytown area served by Goose Creek CISD. BoardBook for agendas. No video archive found,low,2026-01-15
079911,Danbury ISD,Brazoria,1000,https://www.danburyisd.org,none_found,https://www.danburyisd.org,,,Small district. No video archive found,low,2026-01-15
174906,Santa Rosa ISD,Cameron,1000,https://www.santarosaisd.org,none_found,https://www.santarosaisd.org,,,Small district. No video archive found,low,2026-01-15
174907,Point Isabel ISD,Cameron,2000,https://www.pi-isd.net,none_found,https://www.pi-isd.net,,,Small district. No video archive found,low,2026-01-15
108902,Frisco ISD,Collin,67000,https://friscoisd.net,swagit,https://friscoisdtx.new.swagit.com/,,,Found via pattern matching. Swagit platform at https://friscoisdtx.new.swagit.com/. Automated discovery.,high,2026-01-15
161905,Garland ISD,Dallas,70000,https://garlandisd.net,swagit,https://garlandisdtx.new.swagit.com/,,,Found via pattern matching. Swagit platform at https://garlandisdtx.new.swagit.com/. Automated discovery.,high,2026-01-15
161906,Mesquite ISD,Dallas,35000,https://mesquiteisd.net,swagit,https://mesquiteisdtx.new.swagit.com/,,,Found via pattern matching. Swagit platform at https://mesquiteisdtx.new.swagit.com/. Automated discovery.,high,2026-01-15
057903,Coppell ISD,Dallas,13000,https://coppellisd.net,swagit,https://coppellisd.new.swagit.com/,,,Found via pattern matching. Swagit platform at https://coppellisd.new.swagit.com/. Automated discovery.,high,2026-01-15
101930,Sheldon ISD,Harris,8000,https://sheldonisd.net,swagit,https://sheldonisdtx.new.swagit.com/,,,Found via pattern matching. Swagit platform at https://sheldonisdtx.new.swagit.com/. Automated discovery.,high,2026-01-15
019901,Beaumont ISD,Jefferson,19000,https://www.bmtisd.com,website_archive,https://www.bmtisd.com/webtv,,,Board meetings on WebTV page. Archive June 2013-present on Livestream at livestream.com/bisdtv. Uses BoardBook at meetings.boardbook.org/public/Organization/748,high,2026-01-15
019902,Port Arthur ISD,Jefferson,8000,https://www.paisd.org,website_archive,https://www.paisd.org/district/school-board/videos,,,Board Meeting Videos page on district website. Board meets 4th Thursday at 5:30pm. CitizenPortal.ai also covers meetings,high,2026-01-15
101926,Tomball ISD,Montgomery,18000,https://www.tomballisd.net,citizenportal,https://citizenportal.ai/,,,CitizenPortal.ai provides video summaries and transcripts. District livestreams meetings. Meetings and Minutes at tomballisd.net/about-tisd/leadership/board-of-trustees/meetings-and-minutes,medium,2026-01-15
101927,Spring ISD,Harris,37000,https://www.springisd.org,website_stream,https://www.springisd.org/live-feed,,,Live Feed page for board meetings. Board meeting pages for 2024-2025. Uses YouTube per social media page. Archive status unclear,medium,2026-01-15
174908,Rio Hondo ISD,Cameron,1500,https://www.riohondoisd.net,none_found,https://www.riohondoisd.net,,,Small district. No video archive found,low,2026-01-15
212903,Zapata County ISD,Zapata,3000,https://www.zcisdtx.net,none_found,https://www.zcisdtx.net,,,Small district. No video archive found,low,2026-01-15
212904,Roma ISD,Starr,6000,https://www.romaisd.org,none_found,https://www.romaisd.org,,,No video archive found,low,2026-01-15
161913,Royse City ISD,Rockwall,5000,https://www.rcisd.org,none_found,https://meetings.boardbook.org/Public/Organization/2210,,,BoardBook for agendas. No video archive found,low,2026-01-15
057921,Sunnyvale ISD,Dallas,1000,https://www.sunnyvaleisd.com,none_found,https://www.sunnyvaleisd.com,,,Small district. No video archive found,low,2026-01-15
071909,Anthony ISD,El Paso,1000,https://www.anthonyisd.net,none_found,https://www.anthonyisd.net,,,Small district. No video archive found,low,2026-01-15
220913,Haltom City ISD,Tarrant,3000,https://www.haltomcityisd.org,none_found,https://www.haltomcityisd.org,,,Note: Haltom City area primarily served by Birdville ISD (already in CSV). No separate HCISD video archive found,low,2026-01-15
108916,Krum ISD,Denton,2000,https://www.krumisd.net,none_found,https://www.krumisd.net,,,Small district. No video archive found,low,2026-01-15
161918,Wylie ISD,Collin,18000,https://www.wylieisd.net,none_found,https://meetings.boardbook.org/public/Organization/2275,,,BoardBook for agendas. Note: Separate from Wylie ISD Rockwall (already in CSV). No video archive confirmed,low,2026-01-15
157905,Longview ISD,Gregg,7000,https://w3.lisd.org,none_found,https://meetings.boardbook.org/public/Organization/2235,,,BoardBook for agendas. Board meets 2nd Monday at 6pm. No video archive confirmed,low,2026-01-15
057906,Richardson ISD,Dallas,54000,https://www.richardsonisd.org,swagit,https://richardsonisdtx.new.swagit.com/,2017,,Board meetings on Swagit platform. Archive back to 2017. Also uses older domain richardsonisdtx.swagit.com,high,2026-01-15
101928,Aldine ISD,Harris,66000,https://www.aldineisd.org,youtube,https://www.youtube.com,,Board Meeting Videos on YouTube channel. Meeting recordings organized by year/month at aldineisd.org/about/school-board/meeting-recordings. Board meets 3rd Tuesday at 7pm,high,2026-01-15
101931,Galena Park ISD,Harris,22000,https://www.galenaparkisd.com,website_archive,https://www.galenaparkisd.com/district-info/board-of-trustees/video-archives,,,Board Meeting Video Archives on district website. Archive includes meetings from 2021-2023. Board meets monthly at 6pm,high,2026-01-15
227906,Burleson ISD,Johnson,10000,https://www.burlesonisd.net,website_stream,https://www.burlesonisd.net/live-stream,,,Board meetings livestreamed at burlesonisd.net/live-stream. Board Meeting Video Archive available. Board meets at 5:30pm,high,2026-01-15
015906,Judson ISD,Bexar,43000,https://www.judsonisd.org,boardbook,https://meetings.boardbook.org/public/organization/1434,,,BoardBook Premier with livestream links. Board meetings available at meetings.boardbook.org. News coverage by local media,medium,2026-01-15
015911,Northside ISD,Bexar,102000,https://www.nisd.net,boarddocs,https://go.boarddocs.com/tx/nisd/Board.nsf/Public,,,Board of Trustees meetings on BoardDocs. NISD-TV produces videos. 4th largest district in Texas with 102k students,medium,2026-01-15
071903,Ysleta ISD,El Paso,40000,https://www.yisd.net,granicus,https://ysletaschoolstx.iqm2.com/Citizens/Default.aspx,,,Meeting Portal powered by Granicus at ysletaschoolstx.iqm2.com for board meeting videos and documents,medium,2026-01-15
108905,Prosper ISD,Collin,15000,https://www.prosper-isd.net,website_archive,https://www.prosper-isd.net/domain/727,,,Board Meeting Recap page with archived videos. Board meets 3rd Monday at 7pm. Uses BoardBook at meetings.boardbook.org/Public/Organization/2084,medium,2026-01-15
108912,Northwest ISD,Denton,33000,https://www.nisdtx.org,website_archive,https://www.nisdtx.org/about-nisd/school-board/meeting-recordings,,,Meeting Recordings page on district website. Board meets 2nd and 4th Monday at 6:30pm. Uses BoardBook at meetings.boardbook.org/public/Organization/1405,medium,2026-01-15
057913,Duncanville ISD,Dallas,13000,https://www.duncanvilleisd.org,website_archive,https://www.duncanvilleisd.org/board-of-trustees/board-meetings/meeting-videos/arrival-of-board-meeting-videos,,,Board meeting videos on district website. Archive dating back to 2020. Uses BoardBook at meetings.boardbook.org/public/Organization/858,medium,2026-01-15
057904,Cedar Hill ISD,Dallas,9000,https://www.chisd.net,none_found,https://www.chisd.net,,,No video archive confirmed,low,2026-01-15
079912,Stafford MSD,Fort Bend,4000,https://www.staffordmsd.org,none_found,https://www.staffordmsd.org,,,No video archive confirmed,low,2026-01-15
079913,Needville ISD,Fort Bend,2000,https://www.needvilleisd.com,none_found,https://www.needvilleisd.com,,,Small district. No video archive confirmed,low,2026-01-15
227908,Everman ISD,Tarrant,7000,https://www.evermanisd.org,none_found,https://www.evermanisd.org,,,No video archive confirmed,low,2026-01-15
220914,Lake Worth ISD,Tarrant,3000,https://www.lwisdtx.org,none_found,https://www.lwisdtx.org,,,Small district. No video archive confirmed,low,2026-01-15
227911,Fort Worth Academy of Fine Arts,Tarrant,500,https://www.fwafa.org,none_found,https://www.fwafa.org,,,Very small charter school. No video archive expected,low,2026-01-15
101915,Klein ISD,Harris,53000,https://www.kleinisd.net,website_archive,https://www.kleinisd.net/district/board_of_trustees/board_meeting_videos,2024,,Board meetings livestreamed since Oct 2024. Board Meeting Videos page on district website. Uses BoardBook at meetings.boardbook.org/Public/Organization/921,high,2026-01-15
212901,Tyler ISD,Smith,18000,https://www.tylerisd.org,boardbook,https://meetings.boardbook.org/public/Organization/1932,,,BoardBook Premier for meetings and agendas. News media (KLTV, CBS19) covers board meetings. No dedicated video archive confirmed,medium,2026-01-15
161901,Waco ISD,McLennan,13000,https://www.wacoisd.org,website_stream,https://www.wacoisd.org/live,,,Board meetings broadcast live on WISD-TV and streamed at wacoisd.org/live. Videos of Board Meetings page available. Uses BoardBook at meetings.boardbook.org/public/Organization/1965,high,2026-01-15
014901,Killeen ISD,Bell,44000,https://www.killeenisd.org,website_archive,https://www.killeenisd.org/o/kisd/page/board-meeting-live,,,KISD TV with live streaming and archived videos. Watch School Board Meetings page at killeenisd.org/Page/15721. Uses BoardBook at meetings.boardbook.org/Public/Organization/1051,high,2026-01-15
188901,Lubbock ISD,Lubbock,28000,https://www.lubbockisd.org,swagit,https://lubbockisdtx.swagit.com/board-meetings,2021,,Board meetings on Swagit platform. Archive back to 2021. Live videos at lubbockisdtx.swagit.com/live. Also uses new.swagit.com domain,high,2026-01-15
226901,Abilene ISD,Taylor,16000,https://www.abileneisd.org,vimeo,https://vimeopro.com/aisd/school-board-meetings,,,Board meetings hosted on Vimeo at vimeopro.com/aisd/school-board-meetings. Board recaps on district website. Uses BoardBook at meetings.boardbook.org/Public/Organization/2274,high,2026-01-15
178901,Amarillo ISD,Potter,30000,https://www.amaisd.org,website_archive,https://video.amaisd.org,,,Board meeting videos at video.amaisd.org. Livestreamed meetings. Meeting Videos section on district website. Uses BoardBook at meetings.boardbook.org/Public/Organization/1931,high,2026-01-15
178902,Corpus Christi ISD,Nueces,35000,https://www.ccisd.us,granicus,https://ccisd.granicus.com/,2022,,Board meetings on Granicus platform at ccisd.granicus.com. Archive back to 2022. Live Feed page available. Uses BoardBook at meetings.boardbook.org/public/Organization/898,high,2026-01-15
