district_id,latitude,longitude,geocode_status,geocode_match_type,matched_address,tiger_line_id,side,input_address
001903,31.627359107297,-95.57848995728,Match,Non_Exact,"301 E PARKER ST, ELKHART, TX, 75839",655868314,L,"301 E PARKER ST, ELKHART, TX, 75839-9701"
001907,31.757713738075,-95.618913350792,Match,Exact,"1007 E PARK AVE, PALESTINE, TX, 75801",74653781,R,"1007 E PARK AVE, PALESTINE, TX, 75801"
001908,31.728919053788,-95.679350377673,Match,Non_Exact,"4513 W OAK ST, PALESTINE, TX, 75801",652299982,L,"4513 W OAK ST, PALESTINE, TX, 75801-0260"
001909,31.63111016177,-95.46176969957,Match,Non_Exact,"5765 STATE HWY 294, ELKHART, TX, 75839",647785547,L,"5765 E STATE HWY 294, ELKHART, TX, 75839-9802"
002901,32.321059866251,-102.551184078393,Match,Non_Exact,"405 NW 3RD ST, ANDREWS, TX, 79714",139076763,L,"405 NW 3RD ST, ANDREWS, TX, 79714-5098"
003902,31.317363642008,-94.828025760186,Match,Non_Exact,"6735 TED TROUT DR, LUFKIN, TX, 75904",634035176,R,"6735 TED TROUT DR, LUFKIN, TX, 75904-6641"
003903,31.350061498722,-94.689774275132,Match,Non_Exact,"2804 PAUL AVE, LUFKIN, TX, 75901",627208618,R,"2804 PAUL AVE, LUFKIN, TX, 75901-1632"
003905,31.193718597602,-94.769290015054,Match,Non_Exact,"1000 LUMBERJACK DR, DIBOLL, TX, 75941",23858676,R,"1000 LUMBERJACK DR, DIBOLL, TX, 75941-2102"
003906,31.158618900973,-94.421305178918,Match,Non_Exact,"431 E MAIN ST, ZAVALLA, TX, 75980",23846694,R,"431 E MAIN ST, ZAVALLA, TX, 75980-0045"
003907,31.427974822829,-94.810627657548,Match,Non_Exact,"7622 US HWY 69, POLLOK, TX, 75969",23836562,R,"7622 US HWY 69 N, POLLOK, TX, 75969-9710"
007901,28.920708110513,-98.546822243838,Match,Non_Exact,"1508 CAMPBELL AVE, JOURDANTON, TX, 78026",24456829,L,"1508 CAMPBELL ST, JOURDANTON, TX, 78026-3408"
007902,28.910552793151,-98.54069502062,Match,Non_Exact,"200 ZANDERSON AVE, JOURDANTON, TX, 78026",24457010,L,"200 ZANDERSON AVE, JOURDANTON, TX, 78026-3045"
008901,29.945281664461,-96.256386871995,Match,Non_Exact,"518 S MATHEWS ST, BELLVILLE, TX, 77418",41810765,L,"518 S MATHEWS, BELLVILLE, TX, 77418-2711"
008902,29.772978333915,-96.159961907526,Match,Non_Exact,"939 TIGER LN, SEALY, TX, 77474",41813541,L,"939 TIGER LN, SEALY, TX, 77474-3211"
009901,34.223829146194,-102.732534522263,Match,Exact,"514 W AVE G, MULESHOE, TX, 79347",163970544,R,"514 W AVE G, MULESHOE, TX, 79347"
011901,30.112793516643,-97.316275437927,Match,Non_Exact,"906 FARM ST, BASTROP, TX, 78602",45466857,L,"906 FARM ST, BASTROP, TX, 78602-3310"
011902,30.206326331259,-97.30135696241,Match,Non_Exact,"599 COOL WATER DR, BASTROP, TX, 78602",636454770,R,"599 COOL WATER ST, BASTROP, TX, 78602"
011904,30.112793516643,-97.316275437927,Match,Exact,"906 FARM ST, BASTROP, TX, 78602",45466857,L,"906 FARM ST, BASTROP, TX, 78602"
012901,33.593074754771,-99.265563603626,Match,Non_Exact,"409 W IDAHO ST, SEYMOUR, TX, 76380",182803163,L,"409 W IDAHO ST, SEYMOUR, TX, 76380-1650"
013801,28.408227761836,-97.74423720055,Match,Non_Exact,"507 N FILMORE ST, BEEVILLE, TX, 78102",35614688,L,"507 N FILMORE, BEEVILLE, TX, 78102"
013901,28.402975713492,-97.74870673857,Match,Non_Exact,"201 N ST MARYS ST, BEEVILLE, TX, 78102",35614837,L,"201 N SAINT MARY'S ST, BEEVILLE, TX, 78102-4606"
013905,28.253808467966,-97.687325769773,Match,Exact,"224 W MAIN ST, SKIDMORE, TX, 78389",35617286,L,"224 W MAIN ST, SKIDMORE, TX, 78389"
014804,30.662270026805,-97.691248804584,Match,Exact,"2951 WILLIAMS DR, GEORGETOWN, TX, 78628",126475498,R,"2951 WILLIAMS DR, GEORGETOWN, TX, 78628"
014901,30.982017648592,-97.345935137114,Match,Non_Exact,"704 E MAIN ST, LTL RVR ACAD, TX, 76554",146132486,R,"704 E MAIN ST, LITTLE RIVER, TX, 76554-9801"
014903,31.11582585347,-97.67681347419,Match,Exact,"4800 E RANCIER AVE, KILLEEN, TX, 76543",637917357,R,"4800 E RANCIER AVE, KILLEEN, TX, 76543"
014906,31.124807501003,-97.723506952747,Match,Exact,"902 N 10TH ST, KILLEEN, TX, 76541",146140149,R,"902 N 10TH ST, KILLEEN, TX, 76541"
014907,30.9294217427,-97.230524156617,Match,Non_Exact,"1 EAGLE DR, ROGERS, TX, 76569",648875555,L,"1 EAGLE DR, ROGERS, TX, 76569-9998"
014909,31.076856528266,-97.401088680024,Match,Non_Exact,"4600 MIDWAY DR, TEMPLE, TX, 76502",636708031,R,"4600 MIDWAY DR, TEMPLE, TX, 76502-1592"
015814,29.438145635232,-98.502859167733,Match,Non_Exact,"1325 N FLORES ST, SAN ANTONIO, TX, 78212",639256658,L,"1325 N FLORES STE 100, SAN ANTONIO, TX, 78212"
015839,29.408850536497,-98.527206451394,Match,Non_Exact,"603 MERIDA ST, SAN ANTONIO, TX, 78207",636383848,R,"603 MERIDA, SAN ANTONIO, TX, 78207"
015843,29.376586182212,-98.535863382108,Match,Exact,"1707 CENTENNIAL BLVD, SAN ANTONIO, TX, 78211",101519955,R,"1707 CENTENNIAL BLVD, SAN ANTONIO, TX, 78211"
015844,29.416889769913,-98.389682434809,Match,Exact,"723 SE LOOP 410, SAN ANTONIO, TX, 78220",101734875,R,"723 SE LOOP 410, SAN ANTONIO, TX, 78220"
015901,29.492440257834,-98.4665875561,Match,Non_Exact,"7101 BROADWAY, SAN ANTONIO, TX, 78209",101497939,L,"7101 BROADWAY ST, SAN ANTONIO, TX, 78209-3797"
015904,29.350100418256,-98.488095724452,Match,Non_Exact,"102 GENEVIEVE DR, SAN ANTONIO, TX, 78214",101533516,R,"102 GENEVIEVE ST, SAN ANTONIO, TX, 78214-2997"
015905,29.431985388039,-98.567090577184,Match,Non_Exact,"5358 W COMMERCE ST, SAN ANTONIO, TX, 78237",101684516,L,"5358 W COMMERCE ST, SAN ANTONIO, TX, 78237-1354"
015907,29.432784903173,-98.498160685897,Match,Non_Exact,"514 W QUINCY ST, SAN ANTONIO, TX, 78212",657897836,L,"514 QUINCY ST, SAN ANTONIO, TX, 78212"
015908,29.355487251469,-98.610862844417,Match,Exact,"5622 RAY ELLISON BLVD, SAN ANTONIO, TX, 78242",645207040,L,"5622 RAY ELLISON BLVD, SAN ANTONIO, TX, 78242"
015909,28.920168550088,-98.547773174248,Match,Non_Exact,"1511 ZANDERSON AVE, JOURDANTON, TX, 78026",24456850,R,"1511 ZANDERSON, JOURDANTON, TX, 78026-3439"
015910,29.522098773011,-98.458038424235,Match,Exact,"8961 TESORO DR, SAN ANTONIO, TX, 78217",101498905,R,"8961 TESORO DR, SAN ANTONIO, TX, 78217"
015911,29.363301910118,-98.360214085158,Match,Non_Exact,"6634 NEW SULPHUR SPRINGS RD, SAN ANTONIO, TX, 78263",101732151,R,"6634 NEW SULPHUR SPRINGS RD, SAN ANTONIO, TX, 78263-9701"
015912,29.306226109369,-98.672339164763,Match,Non_Exact,"11914 DRAGON LN, SAN ANTONIO, TX, 78252",101507937,L,"11914 DRAGON LN, SAN ANTONIO, TX, 78252-2647"
015914,29.47845264395,-98.417852175249,Match,Non_Exact,"4005 WINANS RD, SAN ANTONIO, TX, 78234",638592708,L,"4005 WINANS RD, SAN ANTONIO, TX, 78234-1497"
015915,29.491000542689,-98.600840578975,Match,Exact,"5900 EVERS RD, SAN ANTONIO, TX, 78238",101732844,L,"5900 EVERS RD, SAN ANTONIO, TX, 78238"
015916,29.553290334666,-98.330013662274,Match,Non_Exact,"8012 SHIN OAK DR, LIVE OAK, TX, 78233",101503720,R,"8012 SHIN OAK, LIVE OAK, TX, 78233-2457"
015917,29.241349400866,-98.472565066816,Match,Non_Exact,"1460 MARTINEZ LOSOYA RD, SAN ANTONIO, TX, 78221",101730371,L,"1460 MARTINEZ LOSOYA RD, SAN ANTONIO, TX, 78221-9648"
016902,30.105285235236,-98.42335619173,Match,Exact,"814 11TH ST, BLANCO, TX, 78606",72142445,R,"814 11TH ST, BLANCO, TX, 78606"
019901,33.509877932577,-94.620644085973,Match,Non_Exact,"101 MAPLE ST, DE KALB, TX, 75559",57689775,R,"101 MAPLE ST, DEKALB, TX, 75559-1614"
019902,33.466588716772,-94.283381616877,Match,Exact,"100 E 5TH ST, HOOKS, TX, 75561",57661947,R,"100 E 5TH ST, HOOKS, TX, 75561"
019905,33.461713490705,-94.41548275416,Match,Non_Exact,"201 RICE ST, NEW BOSTON, TX, 75570",57660275,R,"201 RICE ST, NEW BOSTON, TX, 75570-2389"
019907,33.457063879502,-94.065448669741,Match,Non_Exact,"4241 SUMMERHILL RD, TEXARKANA, TX, 75503",651865579,L,"4241 SUMMERHILL RD, TEXARKANA, TX, 75503-2733"
019908,33.392373235959,-94.092053511625,Match,Non_Exact,"2901 LEOPARD DR, TEXARKANA, TX, 75501",651829407,L,"2901 LEOPARD DR, TEXARKANA, TX, 75501-7817"
019911,33.465422716051,-94.174069216149,Match,Non_Exact,"3511 N FM 2148, TEXARKANA, TX, 75503",57666335,L,"3511 N FM 2148, TEXARKANA, TX, 75503-4821"
019912,33.482347784966,-94.126037956737,Match,Non_Exact,"8500 N KINGS HWY, TEXARKANA, TX, 75503",651884969,L,"8500 N KINGS HWY, TEXARKANA, TX, 75503-4893"
019913,33.469225457647,-94.637449695875,Match,Non_Exact,"3347 US HWY 259, DE KALB, TX, 75559",57684169,R,"3347 HWY 259 S, DEKALB, TX, 75559-0274"
019914,33.460243443389,-94.208481500964,Match,Exact,"9500 W NEW BOSTON RD, TEXARKANA, TX, 75501",652077342,L,"9500 W NEW BOSTON RD, TEXARKANA, TX, 75501"
020901,29.418714563819,-95.241808115161,Match,Non_Exact,"301 E HOUSE ST, ALVIN, TX, 77511",116585236,L,"301 E HOUSE ST, ALVIN, TX, 77511-3581"
020902,29.143011959469,-95.409351975654,Match,Non_Exact,"1900 DOWNING RD, ANGLETON, TX, 77515",647823870,R,"1900 N DOWNING RD, ANGLETON, TX, 77515-3799"
020906,29.047682151584,-95.706235556702,Match,Non_Exact,"1310 N ELM ST, SWEENY, TX, 77480",116572666,R,"1310 N ELM ST, SWEENY, TX, 77480-1399"
020908,29.55240110149,-95.277139535585,Match,Exact,"3001 OLD ALVIN RD, PEARLAND, TX, 77581",116630754,R,"3001 OLD ALVIN RD, PEARLAND, TX, 77581"
021901,30.59377570507,-96.321942985527,Match,Non_Exact,"1812 WELSH AVE, COLLEGE STATION, TX, 77840",21817712,R,"1812 WELSH AVE, COLLEGE STATION, TX, 77840-4851"
021902,30.663660629673,-96.367564068127,Match,Non_Exact,"801 S ENNIS ST, BRYAN, TX, 77803",21813996,L,"801 S ENNIS ST, BRYAN, TX, 77803-5398"
022901,30.357504342531,-103.668114824107,Match,Non_Exact,"704 W SUL ROSS AVE, ALPINE, TX, 79830",183977175,R,"704 W SUL ROSS AVE, ALPINE, TX, 79830-4430"
025904,31.82175358106,-98.790887582783,Match,Non_Exact,"901 AVE H, BLANKET, TX, 76432",636438684,R,"901 AVE H, BLANKET, TX, 76432-2584"
025905,31.979421207543,-98.924139945017,Match,Non_Exact,"3400 CO RD 411, MAY, TX, 76857",639774509,L,"3400 CR 411 E, MAY, TX, 76857"
025906,31.676480863232,-98.794190577735,Match,Exact,"11625 CO RD 281, ZEPHYR, TX, 76890",129464078,R,"11625 CR 281, ZEPHYR, TX, 76890"
025909,31.743934063874,-98.941654873064,Match,Non_Exact,"101 TURTLE CREEK DR, EARLY, TX, 76802",129459244,L,"101 TURTLE CREEK, EARLY, TX, 76802-3315"
026901,30.531286412046,-96.694690541733,Match,Non_Exact,"107 S HILL ST, CALDWELL, TX, 77836",24805446,R,"107 S HILL ST, CALDWELL, TX, 77836-1735"
027903,30.76049178778,-98.227027345418,Match,Non_Exact,"208 E BRIER LN, BURNET, TX, 78611",146486581,L,"208 E BRIER LN, BURNET, TX, 78611-0180"
027904,30.595221375916,-98.273675028776,Match,Non_Exact,"1800 COLT CIR, MARBLE FALLS, TX, 78654",649338712,R,"1800 COLT CIR, MARBLE FALLS, TX, 78654-4803"
028902,30.000708728544,-97.616821913268,Match,Exact,"9000 FM 1854, DALE, TX, 78616",45557855,L,"9000 FM 1854, DALE, TX, 78616"
028903,29.679326063823,-97.656322932969,Match,Non_Exact,"115 W BOWIE ST, LULING, TX, 78648",45537757,L,"115 W BOWIE ST, LULING, TX, 78648-2904"
029901,28.619805879325,-96.627055031523,Match,Non_Exact,"525 N COMMERCE ST, PORT LAVACA, TX, 77979",79227233,L,"525 N COMMERCE ST, PORT LAVACA, TX, 77979-3034"
030901,32.119487099653,-99.165680759969,Match,Non_Exact,"700 MAIN ST, CROSS PLAINS, TX, 76443",129542753,L,"700 N MAIN ST, CROSS PLAINS, TX, 76443-2112"
030902,32.416136542663,-99.521353379015,Match,Non_Exact,"526 SHALIMAR DR, CLYDE, TX, 79510",129545188,L,"526 SHALIMAR DR, CLYDE, TX, 79510-0479"
030903,32.398067615369,-99.400179897691,Match,Exact,"600 W 7TH ST, BAIRD, TX, 79504",129535012,R,"600 W 7TH ST, BAIRD, TX, 79504"
030906,32.341450342702,-99.561962827127,Match,Non_Exact,"6040 FM 603, CLYDE, TX, 79510",129537680,R,"6040 F M 603, CLYDE, TX, 79510-6610"
031903,26.189540189554,-97.67979020231,Match,Exact,"407 N 77 SUNSHINE STRIP, HARLINGEN, TX, 78550",90023491,L,"407 N 77 SUNSHINE STRIP, HARLINGEN, TX, 78550"
031905,26.169957732004,-97.824298900475,Match,Non_Exact,"1601 N MAIN ST, LA FERIA, TX, 78559",635947268,L,"1601 S MAIN ST, LA FERIA, TX, 78559"
031909,26.070642495327,-97.219500432752,Match,Non_Exact,"101 PORT RD, PORT ISABEL, TX, 78578",90038423,R,"101 PORT RD, PORT ISABEL, TX, 78578-2433"
031912,26.131553011376,-97.629002245865,Match,Non_Exact,"240 N CROCKETT ST, SAN BENITO, TX, 78586",89959574,R,"240 N CROCKETT ST, SAN BENITO, TX, 78586-4608"
034901,33.114361049548,-94.166109951555,Match,Exact,"106 W MAIN ST, ATLANTA, TX, 75551",57055557,R,"106 W MAIN ST, ATLANTA, TX, 75551"
034902,32.902043693246,-94.561048127017,Match,Non_Exact,"245 CONNER, AVINGER, TX, 75630",57056915,L,"245 CONNOR ST, AVINGER, TX, 75630-9501"
034903,33.005560869617,-94.632275993793,Match,Non_Exact,"871 TAYLOR, HUGHES SPRINGS, TX, 75656",57073039,L,"871 TAYLOR ST, HUGHES SPRINGS, TX, 75656"
034905,33.004124083156,-94.361648356428,Match,Non_Exact,"205 E KILDARE RD, LINDEN, TX, 75563",57071020,R,"205 KILDARE RD, LINDEN, TX, 75563"
034909,33.135715700361,-94.060268670817,Match,Exact,"211 W CYPRESS ST, BLOOMBURG, TX, 75556",57067181,R,"211 W CYPRESS ST, BLOOMBURG, TX, 75556"
035901,34.555741296542,-102.319250602921,Match,Non_Exact,"608 W HALSELL ST, DIMMITT, TX, 79027",186498334,R,"608 W HALSELL ST, DIMMITT, TX, 79027-1798"
037901,31.661904997712,-95.073290188439,Match,Non_Exact,"244 CO RD 2429, ALTO, TX, 75925",656073189,R,"244 COUNTY RD 2429, ALTO, TX, 75925-9599"
037907,31.797015680709,-95.149274112407,Match,Non_Exact,"203 E 7TH ST, RUSK, TX, 75785",72308163,R,"203 E 7TH ST, RUSK, TX, 75785-1122"
038901,34.418296770487,-100.207145533808,Match,Non_Exact,"300 3RD ST SE, CHILDRESS, TX, 79201",164410042,L,"300 3RD ST S E, CHILDRESS, TX, 79201-5414"
039905,33.62792460262,-98.200176630552,Match,Non_Exact,"12142 STATE HWY 148 S, HENRIETTA, TX, 76365",657535558,L,"12142 STATE HWY 148 S, HENRIETTA, TX, 76365-7210"
040901,33.721404664623,-102.764002537872,Match,Non_Exact,"500 CHAMPION DR, MORTON, TX, 79346",171652327,R,"500 CHAMPION DR, MORTON, TX, 79346-3399"
041902,31.900995467196,-100.486343636109,Match,Non_Exact,"1323 HAMILTON ST, ROBERT LEE, TX, 76945",187481586,L,"1323 HAMILTON ST, ROBERT LEE, TX, 76945-9501"
042901,31.81185314879,-99.423153802943,Match,Exact,"2302 S COMMERCIAL AVE, COLEMAN, TX, 76834",129080477,L,"2302 S COMMERCIAL AVE, COLEMAN, TX, 76834"
042903,31.73728526911,-99.322574030112,Match,Non_Exact,"701 BOWIE AVE, SANTA ANNA, TX, 76878",129083113,L,"701 BOWIE ST, SANTA ANNA, TX, 76878"
042905,31.638440899869,-99.552399235425,Match,Non_Exact,"129 PVT RD 3421, VALERA, TX, 76884",129092716,L,"129 PR 3421, VALERA, TX, 76884-2009"
043901,33.1145808587,-96.659186225816,Match,Non_Exact,"300 RIVERCREST BLVD, ALLEN, TX, 75002",210476615,L,"300 RIVERCREST BLVD, ALLEN, TX, 75002-3007"
043903,33.323079955879,-96.787851666483,Match,Non_Exact,"205 S COLORADO ST, CELINA, TX, 75009",123481477,L,"205 S COLORADO, CELINA, TX, 75009-0188"
043904,33.169988218987,-96.368330733625,Match,Non_Exact,"501 STATE HWY 78 N, FARMERSVILLE, TX, 75442",642474265,R,"501-A HWY 78 N, FARMERSVILLE, TX, 75442-0472"
043905,33.124447888013,-96.795460079425,Match,Exact,"5515 OHIO DR, FRISCO, TX, 75035",647670719,R,"5515 OHIO DR, FRISCO, TX, 75035"
043907,33.204957383488,-96.631842565725,Match,Non_Exact,"1 DUVALL ST, MCKINNEY, TX, 75069",123491489,L,"#1 DUVALL ST, MCKINNEY, TX, 75069-3211"
043908,33.285390753871,-96.571136785379,Match,Non_Exact,"1904 COOPER ST, MELISSA, TX, 75454",123540167,R,"1904 COOPER, MELISSA, TX, 75454-0127"
043910,33.019154077264,-96.746545286235,Match,Non_Exact,"2700 W 15TH ST, PLANO, TX, 75075",210472563,L,"2700 W 15TH, PLANO, TX, 75075-7524"
043911,33.178021808787,-96.490071969067,Match,Non_Exact,"804 MABLE AVE, PRINCETON, TX, 75407",210501580,L,"804 MABEL AVE, PRINCETON, TX, 75407-1002"
043914,33.004644633448,-96.536996038435,Match,Exact,"300 PIRATE DR, WYLIE, TX, 75098",123498096,R,"300 PIRATE DR, WYLIE, TX, 75098"
043919,33.08752169722,-96.590941295949,Match,Non_Exact,"259 COUNTRY CLUB RD, ALLEN, TX, 75002",614161745,R,"259 COUNTRY CLUB RD, ALLEN, TX, 75002-7643"
044902,34.849043754527,-100.216496652308,Match,Non_Exact,"609 15TH ST, WELLINGTON, TX, 79095",164593261,R,"609 15TH ST, WELLINGTON, TX, 79095-3603"
045902,29.704094771191,-96.563486520327,Match,Non_Exact,"105 CARDINAL LN, COLUMBUS, TX, 78934",41167503,R,"105 CARDINAL LN, COLUMBUS, TX, 78934-0578"
045905,29.702152777369,-96.798712725227,Match,Non_Exact,"1189 HWY 90, WEIMAR, TX, 78962",41190108,L,"1189 HWY 90 W, WEIMAR, TX, 78962-1907"
046802,30.335611248587,-97.670013052943,Match,Non_Exact,"8305 CROSS PARK DR, AUSTIN, TX, 78754",63935063,R,"8305 CROSS PARK DR, AUSTIN, TX, 78714"
046901,29.705444732396,-98.141722639774,Match,Non_Exact,"1000 N WALNUT AVE, NEW BRAUNFELS, TX, 78130",72244932,L,"1000 N WALNUT, NEW BRAUNFELS, TX, 78130"
046902,29.687241242672,-98.131706062834,Match,Non_Exact,"1404 I- 35 BUS, NEW BRAUNFELS, TX, 78130",72250631,L,"1404 IH 35 N, NEW BRAUNFELS, TX, 78130-3240"
047901,31.911278773489,-98.597557012648,Match,Non_Exact,"1507 N AUSTIN ST, COMANCHE, TX, 76442",158637612,L,"1507 N AUSTIN, COMANCHE, TX, 76442"
047902,32.105606396914,-98.538036650951,Match,Exact,"425 S TEXAS ST, DE LEON, TX, 76444",158635259,R,"425 S TEXAS ST, DE LEON, TX, 76444"
047903,31.843517024011,-98.398700465091,Match,Non_Exact,"503 MAIN ST, GUSTINE, TX, 76455",158641339,L,"503 W MAIN ST, GUSTINE, TX, 76455"
048901,31.391188971462,-100.400575559316,Match,Exact,"2405 FAIRVIEW SCHOOL RD, SAN ANGELO, TX, 76904",190684808,R,"2405 FAIRVIEW SCHOOL RD, SAN ANGELO, TX, 76904"
049901,33.633627413669,-97.13330102125,Match,Exact,"900 N GRAND AVE, GAINESVILLE, TX, 76240",151319148,R,"900 N GRAND AVE, GAINESVILLE, TX, 76240"
049903,33.482546851578,-97.162589572058,Match,Non_Exact,"106 NEWTON ST, VALLEY VIEW, TX, 76272",151314360,L,"106 NEWTON, VALLEY VIEW, TX, 76272-9716"
049905,33.701634418219,-97.011625395889,Match,Non_Exact,"148 DOZIER ST, CALLISBURG, TX, 76240",151320503,L,"148 DOZIER ST, CALLISBURG, TX, 76240-6826"
049906,33.496132334517,-97.293093386058,Match,Non_Exact,"108 HARGROVE LN, ERA, TX, 76238",606540938,R,"108 HARGROVE ST, ERA, TX, 76238"
049908,33.778324957304,-97.065200954648,Match,Non_Exact,"47 CO RD 198, GAINESVILLE, TX, 76240",151335656,R,"47 C R 198, GAINESVILLE, TX, 76240-1140"
049909,33.867953783234,-97.22379430235,Match,Exact,"1053 CO RD 403, GAINESVILLE, TX, 76240",656280447,L,"1053 CR 403, GAINESVILLE, TX, 76240"
050902,31.432245744201,-97.724989669799,Match,Non_Exact,"311 S LOVERS LN, GATESVILLE, TX, 76528",657331000,R,"311 S LOVERS LN, GATESVILLE, TX, 76528-0759"
050904,31.42053534146,-97.511367473695,Match,Exact,"125 COLLEGE AVE, OGLESBY, TX, 76561",146575759,R,"125 COLLEGE AVE, OGLESBY, TX, 76561"
050910,31.121936366199,-97.902973050282,Match,Non_Exact,"408 S MAIN ST, COPPERAS COVE, TX, 76522",146565079,R,"408 S MAIN ST, COPPERAS COVE, TX, 76522-2238"
052901,31.394546506157,-102.354397433603,Match,Exact,"511 W 8TH ST, CRANE, TX, 79731",186043843,R,"511 W 8TH ST, CRANE, TX, 79731"
054901,33.658765809623,-101.246680659057,Match,Non_Exact,"204 S HARRISON AVE, CROSBYTON, TX, 79322",185662698,L,"204 S HARRISON ST, CROSBYTON, TX, 79322-2130"
056901,36.056487665766,-102.515690385784,Match,Non_Exact,"701 E 10TH ST, DALHART, TX, 79022",164381271,R,"701 E 10TH, DALHART, TX, 79022-2639"
057834,32.93502955582,-96.743016994419,Match,Non_Exact,"1101 S SHERMAN ST, RICHARDSON, TX, 75081",619744866,R,"1101 S SHERMAN ST, RICHARDSON, TX, 75081-4852"
057835,32.618634591672,-96.858601079804,Match,Exact,"135 W WINTERGREEN RD, DESOTO, TX, 75115",640542597,R,"135 W WINTERGREEN RD, DESOTO, TX, 75115"
057903,32.937740511019,-96.880235678505,Match,Non_Exact,"14055 HEARTSIDE PL, FARMERS BRANCH, TX, 75234",103209398,L,"14055 HEARTSIDE DR, FARMERS BRANCH, TX, 75234"
057905,32.876112867052,-96.769698715352,Match,Exact,"9400 N CENTRAL EXPY, DALLAS, TX, 75231",638424932,R,"9400 N CENTRAL EXPY, DALLAS, TX, 75231"
057906,32.589657355438,-96.855786556609,Match,Non_Exact,"200 E BELT LINE RD, DESOTO, TX, 75115",102953809,R,"200 E BELT LINE RD, DESOTO, TX, 75115-5795"
057909,32.909102485763,-96.683109201098,Match,Non_Exact,"501 S JUPITER RD, GARLAND, TX, 75042",102917755,R,"501 S JUPITER, GARLAND, TX, 75042-7108"
057910,32.686437762918,-97.010695454988,Match,Non_Exact,"3504 CORN VALLEY CT, GRAND PRAIRIE, TX, 75052",102937462,R,"3504 CORN VALLEY RD, GRAND PRAIRIE, TX, 75052-5718"
057911,32.849798651129,-96.806827566347,Match,Non_Exact,"7015 WESTCHESTER DR, DALLAS, TX, 75205",102906120,L,"7015 WESTCHESTER DR, DALLAS, TX, 75205-1061"
057912,32.82214896746,-96.936847094677,Match,Non_Exact,"825 E UNION BOWER RD, IRVING, TX, 75061",617055334,L,"825 E UNION BOWER RD, IRVING, TX, 75061-4999"
057913,32.589991685844,-96.75578543388,Match,Non_Exact,"422 S CENTRE AVE, LANCASTER, TX, 75146",102959784,L,"422 S CENTRE AVE, LANCASTER, TX, 75146-1621"
057914,32.816870068993,-96.630912493964,Match,Exact,"3819 TOWNE CROSSING BLVD, MESQUITE, TX, 75150",102931181,R,"3819 TOWNE CROSSING BLVD, MESQUITE, TX, 75150"
057916,32.944622765701,-96.732146716288,Match,Non_Exact,"400 S GREENVILLE AVE, RICHARDSON, TX, 75081",102913900,R,"400 S GREENVILLE AVE, RICHARDSON, TX, 75081-4198"
057919,32.794541593843,-96.55924045787,Match,Non_Exact,"417 E TRIPP RD, SUNNYVALE, TX, 75182",102935043,L,"417 E TRIPP RD, SUNNYVALE, TX, 75182-9544"
057922,32.965964304882,-96.993572889595,Match,Non_Exact,"200 S DENTON TAP RD, COPPELL, TX, 75019",102992600,L,"200 S DENTON TAP RD, COPPELL, TX, 75019-3205"
058905,32.564502402768,-101.958755004469,Match,Non_Exact,"2911 CO RD H, LAMESA, TX, 79331",182755624,R,"2911 COUNTY RD H, LAMESA, TX, 79331-4967"
059901,34.836766226732,-102.405461823569,Match,Non_Exact,"601 N 25 MILE AVE, HEREFORD, TX, 79045",657765952,L,"601 N 25 MILE AVE, HEREFORD, TX, 79045-4406"
060914,33.425192675282,-95.952556572628,Match,Non_Exact,"601 W MAIN ST, LADONIA, TX, 75449",63266266,L,"601 W MAIN ST, LADONIA, TX, 75449-1517"
061901,33.225246378047,-97.132314572644,Match,Exact,"1307 N LOCUST ST, DENTON, TX, 76201",103338961,R,"1307 N LOCUST ST, DENTON, TX, 76201"
061902,33.04236969258,-97.033041155972,Match,Non_Exact,"1565A W MAIN ST, LEWISVILLE, TX, 75067",657741941,L,"1565A W MAIN ST, LEWISVILLE, TX, 75067-2616"
061903,33.388349285358,-96.954612058938,Match,Non_Exact,"829 S HARRISON ST, PILOT POINT, TX, 76258",103414742,R,"829 S HARRISON ST, PILOT POINT, TX, 76258-4347"
061905,33.261629682962,-97.227606867607,Match,Non_Exact,"1200 BOBCAT BLVD, KRUM, TX, 76249",641496117,R,"1200 BOBCAT BLVD, KRUM, TX, 76249-6908"
061906,33.18343658583,-97.2895816848,Match,Non_Exact,"400 BAILEY ST, PONDER, TX, 76259",103406116,R,"400 W BAILEY ST, PONDER, TX, 76259"
061907,33.305095686689,-96.980544239079,Match,Non_Exact,"415 TISDELL LN, AUBREY, TX, 76227",614172461,L,"415 TISDELL LN, AUBREY, TX, 76227-9619"
061908,33.363164404896,-97.174262185957,Match,Non_Exact,"601 ELM ST, SANGER, TX, 76266",103337378,L,"601 ELM ST, SANGER, TX, 76266-9635"
061910,33.073457270377,-97.211544620163,Match,Non_Exact,"6701 CANYON FALLS DR, ARGYLE, TX, 76226",646875636,L,"6701 CANYON FALLS DR, FLOWER MOUND, TX, 76226"
061911,33.047563080362,-97.335461242716,Match,Non_Exact,"1073 CANYON MAPLE RD, JUSTIN, TX, 76247",658309111,R,"1073 CANYON MAPLE DR, FORT WORTH, TX, 76247"
061914,33.175652977016,-96.922318358892,Match,Exact,"2600 HART RD, LITTLE ELM, TX, 75068",624450657,R,"2600 HART RD, LITTLE ELM, TX, 75068"
062901,29.088196401656,-97.274766799855,Match,Non_Exact,"960 E BROADWAY ST, CUERO, TX, 77954",44123567,R,"960 E BROADWAY, CUERO, TX, 77954-2132"
062903,29.286866175109,-97.145498628179,Match,Exact,"412 SIMPSON ST, YOAKUM, TX, 77995",42262245,L,"412 SIMPSON ST, YOAKUM, TX, 77995"
062905,29.189877490989,-97.471841682287,Match,Non_Exact,"244 LYNCH ST, WESTHOFF, TX, 77994",44111184,L,"244 LYNCH AVE, WESTHOFF, TX, 77994-0038"
064903,28.523868776006,-99.861498991013,Match,Non_Exact,"300 N 7TH ST, CARRIZO SPRINGS, TX, 78834",182996222,L,"300 N 7TH ST, CARRIZO SPRINGS, TX, 78834-3102"
065901,34.938872042316,-100.897297938034,Match,Non_Exact,"416 S ALLEN ST, CLARENDON, TX, 79226",182296458,L,"416 S ALLEN, CLARENDON, TX, 79226-0610"
066005,27.345337611429,-98.41180074356,Match,Non_Exact,"10492 SCHOOL ST, REALITOS, TX, 78376",627304801,R,"10492 SCHOOL ST, REALITOS, TX, 78376-2644"
066902,27.755278325644,-98.245085027494,Match,Non_Exact,"609 W LABBE AVE, SAN DIEGO, TX, 78384",607088184,L,"609 W LABBE AVE, SAN DIEGO, TX, 78384-3499"
067907,32.472193130597,-98.655757928017,Match,Non_Exact,"1842 E LOOP 254, RANGER, TX, 76470",635369195,R,"1842 LOOP 254 E, RANGER, TX, 76470-9802"
068802,31.910287549123,-102.303947809198,Match,Exact,"5530 BILLY HEXT RD, ODESSA, TX, 79765",656068425,R,"5530 BILLY HEXT RD, ODESSA, TX, 79765"
068901,31.863019992106,-102.404953817576,Match,Non_Exact,"2001 W UNIVERSITY BLVD, ODESSA, TX, 79763",139425411,L,"2001 W UNIVERSITY BLVD, ODESSA, TX, 79764"
070905,32.39781473401,-96.793815123958,Match,Exact,"2272 FM 878, WAXAHACHIE, TX, 75165",103451520,R,"2272 FM 878, WAXAHACHIE, TX, 75165"
070907,32.181305811172,-96.880243760382,Match,Non_Exact,"300 COLLEGE ST, ITALY, TX, 76651",103463831,R,"300 S COLLEGE, ITALY, TX, 76651"
070908,32.474385033371,-96.993546359621,Match,Non_Exact,"100 WALTER STEPHENSON RD, MIDLOTHIAN, TX, 76065",648757298,R,"100 WALTER STEPHENSON RD, MIDLOTHIAN, TX, 76065-3418"
070909,32.39781473401,-96.793815123958,Match,Exact,"2272 FM 878, WAXAHACHIE, TX, 75165",103451520,R,"2272 FM 878, WAXAHACHIE, TX, 75165"
070910,32.39781473401,-96.793815123958,Match,Exact,"2272 FM 878, WAXAHACHIE, TX, 75165",103451520,R,"2272 FM 878, WAXAHACHIE, TX, 75165"
070911,32.39781473401,-96.793815123958,Match,Exact,"2272 FM 878, WAXAHACHIE, TX, 75165",103451520,R,"2272 FM 878, WAXAHACHIE, TX, 75165"
070912,32.392197070863,-96.851576701995,Match,Non_Exact,"411 N GIBSON ST, WAXAHACHIE, TX, 75165",103450553,R,"411 N GIBSON ST, WAXAHACHIE, TX, 75165-3007"
070915,32.39781473401,-96.793815123958,Match,Exact,"2272 FM 878, WAXAHACHIE, TX, 75165",103451520,R,"2272 FM 878, WAXAHACHIE, TX, 75165"
071801,31.858782424607,-106.573779822782,Match,Exact,"785 SOUTHWESTERN DR, EL PASO, TX, 79912",189386150,L,"785 SOUTHWESTERN DR, EL PASO, TX, 79912"
071809,31.858782424607,-106.573779822782,Match,Exact,"785 SOUTHWESTERN DR, EL PASO, TX, 79912",189386150,L,"785 SOUTHWESTERN DR, EL PASO, TX, 79912"
071901,31.682798182462,-106.185308794299,Match,Exact,"14521 HORIZON BLVD, EL PASO, TX, 79928",189384704,R,"14521 HORIZON BLVD, EL PASO, TX, 79928"
071902,31.858898187012,-106.438747051553,Match,Non_Exact,"4500 LAWRENCE AVE, EL PASO, TX, 79904",189339186,R,"4500 LAWRENCE AVE, EL PASO, TX, 79902"
071905,31.763084495569,-106.357727566853,Match,Non_Exact,"9600 SIMS DR, EL PASO, TX, 79925",189407730,R,"9600 SIMS DR, EL PASO, TX, 79925-7225"
071906,31.995100551876,-106.600779357844,Match,Non_Exact,"840 S 6TH ST, ANTHONY, TX, 79821",189332460,L,"840 SIXTH ST, ANTHONY, TX, 79821"
071907,31.882493996432,-106.586611549357,Match,Non_Exact,"7965 ARTCRAFT DR, EL PASO, TX, 79932",658336078,R,"7965 ARTCRAFT RD, EL PASO, TX, 79932"
071909,31.700595905783,-106.271481177228,Match,Non_Exact,"12440 ROJAS DR, EL PASO, TX, 79928",647832781,R,"12440 ROJAS DR, EL PASO, TX, 79928-5400"
072901,32.1555665658,-98.027992635484,Match,Exact,"247 CO RD 207, STEPHENVILLE, TX, 76401",158517128,R,"247 CR 207, STEPHENVILLE, TX, 76401"
072903,32.217215925908,-98.238774640149,Match,Non_Exact,"2655 W OVERHILL DR, STEPHENVILLE, TX, 76401",647539200,L,"2655 W OVERHILL, STEPHENVILLE, TX, 76401-3003"
072904,32.348750384301,-98.023394165093,Match,Non_Exact,"430 FM 2481, BLUFF DALE, TX, 76433",158512882,L,"430 FM 2481, BLUFF DALE, TX, 76433-0101"
072908,32.345642517194,-98.300981528538,Match,Exact,"200 CO RD 421, STEPHENVILLE, TX, 76401",158539365,L,"200 COUNTY RD 421, STEPHENVILLE, TX, 76401"
072910,32.38890840402,-98.168398102694,Match,Non_Exact,"295 FM 1188, STEPHENVILLE, TX, 76401",158510374,L,"295 E FM 1188, STEPHENVILLE, TX, 76401-0008"
073903,31.309613549366,-96.880592809094,Match,Non_Exact,"1400 CAPPS ST, MARLIN, TX, 76661",24841151,L,"1400 CAPPS ST, MARLIN, TX, 76661-2899"
073904,31.1232144947,-97.115205314331,Match,Non_Exact,"124 CO RD 3000, LOTT, TX, 76656",627728322,L,"124 COUNTY RD 3000, LOTT, TX, 76656-3897"
073905,31.142834418255,-97.007922696477,Match,Exact,"1813 US HWY 77, LOTT, TX, 76656",647763884,L,"1813 US HWY 77, LOTT, TX, 76656"
074903,33.58217327221,-96.176576446611,Match,Non_Exact,"1005 CHESTNUT ST, BONHAM, TX, 75418",63272593,L,"1005 CHESTNUT ST, BONHAM, TX, 75418-3028"
074904,33.577988320278,-96.075199686875,Match,Non_Exact,"602 N MAIN ST, DODD CITY, TX, 75438",63273766,R,"602 N MAIN ST, DODD CITY, TX, 75438-9801"
074905,33.575187576083,-96.273068033055,Match,Non_Exact,"301 S MAIN ST, ECTOR, TX, 75439",63271613,R,"301 S MAIN, ECTOR, TX, 75439"
074907,33.591433709306,-95.900016839342,Match,Non_Exact,"1206 17TH ST, HONEY GROVE, TX, 75446",63278454,R,"1206 N SEVENTEENTH ST, HONEY GROVE, TX, 75446-1801"
074911,33.600163637112,-96.368913348498,Match,Non_Exact,"302 W HAYES ST, SAVOY, TX, 75479",63271475,R,"302 W HAYES, SAVOY, TX, 75479"
074917,33.76749429006,-96.10511487177,Match,Non_Exact,"9363 E FM 273, IVANHOE, TX, 75447",63269560,L,"9363 E FM 273, IVANHOE, TX, 75447-9717"
075901,29.718939531318,-97.069471524525,Match,Exact,"4110 FM 609, FLATONIA, TX, 78941",42008554,L,"4110 FM 609, FLATONIA, TX, 78941"
075903,29.687375571273,-96.904016987087,Match,Non_Exact,"401 BUCEK ST, SCHULENBURG, TX, 78956",42001967,R,"401 BUCEK ST, SCHULENBURG, TX, 78956-1467"
075908,30.071702236055,-96.693842901268,Match,Non_Exact,"608 N WASHINGTON ST, ROUND TOP, TX, 78954",42005685,L,"608 N WASHINGTON, ROUND TOP, TX, 78954-0006"
076904,32.852173702851,-100.464634864472,Match,Non_Exact,"102 N MCKINLEY AVE, ROTAN, TX, 79546",186276294,R,"102 N MCKINLEY AVE, ROTAN, TX, 79546-4609"
077901,33.984446269061,-101.336853403785,Match,Non_Exact,"226 W CALIFORNIA ST, FLOYDADA, TX, 79235",185169062,L,"226 W CALIFORNIA ST, FLOYDADA, TX, 79235-2705"
079901,29.557887738337,-95.786636351489,Match,Non_Exact,"3911 AVE I, ROSENBERG, TX, 77471",657112417,L,"3911 AVE I, ROSENBERG, TX, 77471-3901"
079907,29.589670444061,-95.621906452421,Match,Non_Exact,"16431 LEXINGTON BLVD, SUGAR LAND, TX, 77479",227756946,R,"16431 LEXINGTON BLVD, SUGAR LAND, TX, 77479-2308"
079910,29.600651712275,-95.543707277549,Match,Non_Exact,"1633 STAFFORDSHIRE RD, STAFFORD, TX, 77477",640063670,R,"1633 STAFFORDSHIRE RD, STAFFORD, TX, 77477-6326"
080901,33.188705821381,-95.224561317649,Match,Exact,"501 STATE HWY 37, MOUNT VERNON, TX, 75457",70353295,L,"501 TEXAS HWY 37, MOUNT VERNON, TX, 75457"
081902,31.716631857014,-96.140134557289,Match,Non_Exact,"615 POST OAK RD, FAIRFIELD, TX, 75840",657601046,L,"615 POST OAK RD, FAIRFIELD, TX, 75840-2005"
081904,31.623289642375,-96.277231174771,Match,Non_Exact,"420 10TH AVE, TEAGUE, TX, 75860",88977876,L,"420 N 10TH, TEAGUE, TX, 75860-1624"
081906,31.593289432884,-96.142961112037,Match,Exact,"606 CO RD 481, TEAGUE, TX, 75860",88978595,L,"606 CR 481, TEAGUE, TX, 75860"
082903,28.896500356407,-99.085886757958,Match,Non_Exact,"318 BERRY RANCH RD, PEARSALL, TX, 78061",178630825,R,"318 BERRY RANCH RD, PEARSALL, TX, 78061-3315"
083903,32.717814335743,-102.651146454342,Match,Exact,"207 SW 6TH ST, SEMINOLE, TX, 79360",139493088,R,"207 S W 6TH ST, SEMINOLE, TX, 79360"
084902,29.299620861937,-94.789261293603,Match,Exact,"1110 21ST ST, GALVESTON, TX, 77550",96692794,L,"1110 21ST ST, GALVESTON, TX, 77550"
084906,29.393322820202,-94.921052275866,Match,Non_Exact,"1800 9TH AVE N, TEXAS CITY, TX, 77590",96705480,R,"1800 9TH AVE N, TEXAS CITY, TX, 77590-6200"
084908,29.346425930483,-95.016908516455,Match,Non_Exact,"7801 NEVILLE AVE, HITCHCOCK, TX, 77563",96687469,R,"7801 NEVILLE AVENUE BUILDING B, HITCHCOCK, TX, 77563-1796"
084911,29.529631145339,-95.204405875304,Match,Non_Exact,"302 LAUREL DR, FRIENDSWOOD, TX, 77546",655841098,L,"302 LAUREL DR, FRIENDSWOOD, TX, 77546-3923"
085902,33.185925883523,-101.379597709842,Match,Non_Exact,"501 S AVE K, POST, TX, 79356",182835202,L,"501 S AVE K, POST, TX, 79356-0070"
086901,30.278804785252,-98.870993403819,Match,Non_Exact,"110 W TRAVIS ST, FREDERICKSBURG, TX, 78624",176836455,R,"110 W TRAVIS ST, FREDERICKSBURG, TX, 78624-5053"
089901,29.509468514256,-97.43905064995,Match,Non_Exact,"1600 SAINT ANDREW ST, GONZALES, TX, 78629",44506958,R,"1600 ST ANDREWS ST, GONZALES, TX, 78629"
090904,35.546654420608,-100.971986690753,Match,Non_Exact,"1233 N HOBART ST, PAMPA, TX, 79065",182343778,L,"1233 N HOBART, PAMPA, TX, 79065-7801"
090905,35.309319852211,-101.009093491353,Match,Non_Exact,"11676 FM 293 E, GROOM, TX, 79039",182347647,L,"11676 FM 293, GROOM, TX, 79039-9801"
091902,33.558343004128,-96.906283987216,Match,Non_Exact,"500 REEVES ST, COLLINSVILLE, TX, 76233",63348061,L,"500 REEVES, COLLINSVILLE, TX, 76233"
091903,33.744142882184,-96.539022829474,Match,Non_Exact,"1201 S RUSK AVE, DENISON, TX, 75020",63357685,R,"1201 S RUSK AVE, DENISON, TX, 75020-6340"
091905,33.507889854588,-96.612498249534,Match,Exact,"105 W TUTT ST, HOWE, TX, 75459",63359434,L,"105 W TUTT ST, HOWE, TX, 75459"
091906,33.708358270806,-96.66286717652,Match,Non_Exact,"86 DYESS ST, DENISON, TX, 75020",63352241,R,"86 DYESS, DENISON, TX, 75020"
091908,33.429219285774,-96.579715835293,Match,Non_Exact,"1096 N WACO ST, VAN ALSTYNE, TX, 75495",63359983,L,"1096 N WACO, VAN ALSTYNE, TX, 75495"
091909,33.663919242048,-96.909342555619,Match,Non_Exact,"115 4TH ST, WHITESBORO, TX, 76273",63346238,R,"115 FOURTH ST, WHITESBORO, TX, 76273-0130"
091913,33.709794101109,-96.666055961431,Match,Non_Exact,"10000 N GRAYSON DR, DENISON, TX, 75020",63352201,R,"10000 GRAYSON DR, DENISON, TX, 75020"
091914,33.709794101109,-96.666055961431,Match,Non_Exact,"10000 N GRAYSON DR, DENISON, TX, 75020",63352201,R,"10000 GRAYSON DR, DENISON, TX, 75020"
091917,33.455830199401,-96.738894079632,Match,Non_Exact,"213 PRESTON GLEN, GUNTER, TX, 75058",601042580,R,"213 N PRESTON RD, GUNTER, TX, 75058"
092801,32.525896651455,-94.70335386167,Match,Exact,"2402 ALPINE RD, LONGVIEW, TX, 75601",635993870,R,"2402 ALPINE RD, LONGVIEW, TX, 75601"
092901,32.534413107385,-94.941541825746,Match,Non_Exact,"200 BROADWAY AVE, GLADEWATER, TX, 75647",141113150,R,"200 E BROADWAY, GLADEWATER, TX, 75647"
092902,32.387835578443,-94.874381781305,Match,Non_Exact,"301 N KILGORE ST, KILGORE, TX, 75662",141105496,L,"301 N KILGORE ST, KILGORE, TX, 75662-5499"
092906,32.445273380923,-94.951015452288,Match,Non_Exact,"5424 W FM 1252, GLADEWATER, TX, 75647",636377380,L,"5424 FM 1252 W, GLADEWATER, TX, 75647"
092907,32.561134768986,-94.793742963871,Match,Non_Exact,"3101 SPRING HILL RD, LONGVIEW, TX, 75605",656079620,R,"3101 SPRING HILL RD, LONGVIEW, TX, 75605-2822"
092908,32.532698739165,-94.862046452196,Match,Non_Exact,"200 WHITE OAK RD, WHITE OAK, TX, 75693",141105147,R,"200 S WHITE OAK RD, WHITE OAK, TX, 75693-1597"
093901,30.487487181495,-95.993712757699,Match,Non_Exact,"540 FM 149 RD W, ANDERSON, TX, 77830",21903872,R,"540 FM 149 W, ANDERSON, TX, 77830"
093905,30.538493938282,-95.844420183783,Match,Exact,"9477 PANTHER DR, RICHARDS, TX, 77873",21898446,L,"9477 PANTHER DR, RICHARDS, TX, 77873"
094901,29.581021266236,-97.949701131024,Match,Non_Exact,"1221 E KINGSBURY ST, SEGUIN, TX, 78155",54828013,R,"1221 E KINGSBURY, SEGUIN, TX, 78155"
094902,29.562949784106,-98.263748824851,Match,Non_Exact,"1060 ELBEL RD, SCHERTZ, TX, 78154",657304212,R,"1060 ELBEL RD, SCHERTZ, TX, 78154-2099"
094903,29.658741327484,-97.967058487354,Match,Exact,"6450 N STATE HWY 123, SEGUIN, TX, 78155",54831554,R,"6450 N STATE HWY 123, SEGUIN, TX, 78155"
095905,34.189798046548,-101.70170205635,Match,Exact,"908 ASH ST, PLAINVIEW, TX, 79072",185696530,R,"908 ASH ST, PLAINVIEW, TX, 79072"
096905,34.372342779283,-100.984808359672,Match,Non_Exact,"11826 STATE HWY 86, TURKEY, TX, 79261",182161370,R,"11826 HWY 86, TURKEY, TX, 79261-0397"
097902,31.70116169346,-98.126284458503,Match,Non_Exact,"400 S COLLEGE ST, HAMILTON, TX, 76531",158754987,R,"400 S COLLEGE, HAMILTON, TX, 76531-0392"
098904,36.186550310889,-101.18615149763,Match,Non_Exact,"403 E 11TH AVE, SPEARMAN, TX, 79081",186537782,R,"403 E 11TH AVE, SPEARMAN, TX, 79081-4008"
100907,30.256464174113,-94.19835704,Match,Non_Exact,"121 N MAIN ST, LUMBERTON, TX, 77657",23996776,L,"121 S MAIN, LUMBERTON, TX, 77657-0123"
101802,29.718540559916,-95.480577361979,Match,Exact,"5815 ALDER DR, HOUSTON, TX, 77081",96614948,L,"5815 ALDER DR, HOUSTON, TX, 77081"
101804,29.713955679485,-95.312776060903,Match,Non_Exact,"6001 GULF FWY, HOUSTON, TX, 77023",96616198,L,"6001 GULF FWY BLDG B3, HOUSTON, TX, 77023-5423"
101837,29.831074839409,-95.738136178608,Match,Exact,"20625 CLAY RD, KATY, TX, 77449",624812748,R,"20625 CLAY RD, KATY, TX, 77449"
101847,29.700750645808,-95.345647530162,Match,Non_Exact,"5807 CALHOUN RD, HOUSTON, TX, 77021",641993071,L,"5807 CALHOUN, HOUSTON, TX, 77021"
101859,29.657344460403,-95.570530953176,Match,Non_Exact,"11250 WILCREST DR, HOUSTON, TX, 77099",96597914,R,"11250 S WILCREST, HOUSTON, TX, 77099"
101872,29.708901937747,-95.499356645215,Match,Exact,"6648 HORNWOOD DR, HOUSTON, TX, 77074",637941672,R,"6648 HORNWOOD DR, HOUSTON, TX, 77074"
101875,29.616613698351,-95.369445816158,Match,Exact,"3420 ALMEDA-GENOA RD, HOUSTON, TX, 77047",96090355,R,"3420 ALMEDA GENOA RD, HOUSTON, TX, 77047"
101877,29.717226772836,-95.368554683623,Match,Exact,"3129 SOUTHMORE BLVD, HOUSTON, TX, 77004",644892148,L,"3129 SOUTHMORE BLVD, HOUSTON, TX, 77004"
101878,29.709347838098,-95.660422957635,Match,Non_Exact,"6403 ADDICKS CLODINE RD, HOUSTON, TX, 77099",96017505,R,"6403 ADDICKS CLODINE RD, HOUSTON, TX, 77083"
101903,29.709594169297,-95.654757458964,Match,Non_Exact,"6315 WINKLEMAN RD, HOUSTON, TX, 77083",657554880,R,"6315 WINKLEMAN, HOUSTON, TX, 77083-1339"
101905,29.791311442953,-95.124494806881,Match,Exact,"828 SHELDON RD, CHANNELVIEW, TX, 77530",644869200,R,"828 SHELDON RD, CHANNELVIEW, TX, 77530"
101906,29.898462614005,-95.06340995401,Match,Non_Exact,"14670 FM 2100, CROSBY, TX, 77532",96652675,R,"14670 FM 2100, CROSBY, TX, 77532-8009"
101907,29.939154691651,-95.613215959734,Match,Non_Exact,"11303 HONEY GROVE LN, HOUSTON, TX, 77065",96655429,L,"11303 HONEYGROVE LN, HOUSTON, TX, 77065-2413"
101908,29.683375917863,-95.131006514201,Match,Exact,"2800 TEXAS AVE, DEER PARK, TX, 77536",96105740,R,"2800 TEXAS AVE, DEER PARK, TX, 77536"
101910,29.789287086254,-95.180417024371,Match,Exact,"13801 HOLLYPARK DR, HOUSTON, TX, 77015",657241765,L,"13801 HOLLY PARK DR, HOUSTON, TX, 77015"
101911,29.685076552939,-95.4158683032,Match,Non_Exact,"2515 MURWORTH DR, HOUSTON, TX, 77054",642866544,R,"2515 MURWORTH, HOUSTON, TX, 77054"
101913,30.013022744652,-95.268542017469,Match,Exact,"10203 BIRCHRIDGE DR, HUMBLE, TX, 77338",642865154,L,"10203 BIRCHRIDGE DR, HUMBLE, TX, 77338"
101914,29.781068800663,-95.832942793054,Match,Exact,"6301 S STADIUM LN, KATY, TX, 77494",657131010,L,"6301 S STADIUM LN, KATY, TX, 77494"
101915,30.047368939597,-95.533139887045,Match,Non_Exact,"7200 SPRING CYPRESS RD, KLEIN, TX, 77379",96666712,L,"7200 SPRING-CYPRESS RD, KLEIN, TX, 77379-3299"
101916,29.656398680156,-95.013767569619,Match,Non_Exact,"1002 SAN JACINTO ST, LA PORTE, TX, 77571",96112276,L,"1002 SAN JACINTO ST, LA PORTE, TX, 77571-6496"
101919,30.007335879605,-95.445453165799,Match,Non_Exact,"16717 ELLA BLVD, HOUSTON, TX, 77090",96662777,L,"16717 ELLA BLVD, HOUSTON, TX, 77090-4299"
101920,29.783430302877,-95.514011621646,Match,Non_Exact,"955 CAMPBELL RD, HOUSTON, TX, 77024",96295319,R,"955 CAMPBELL RD, HOUSTON, TX, 77024-2803"
101921,30.095627128303,-95.615141570793,Match,Non_Exact,"310 S CHERRY ST, TOMBALL, TX, 77375",96002367,L,"310 S CHERRY ST, TOMBALL, TX, 77375-6668"
101925,29.685085689541,-95.416059258043,Match,Non_Exact,"2525 MURWORTH DR, HOUSTON, TX, 77054",642866544,R,"2525 MURWORTH, HOUSTON, TX, 77054"
104903,33.179262341272,-99.894012124949,Match,Non_Exact,"1100 UNION AVE, RULE, TX, 79547",185485785,L,"1100 UNION AVE, RULE, TX, 79547-0307"
104907,33.062784633349,-99.673704108886,Match,Non_Exact,"4485 FM 600, HASKELL, TX, 79521",185489449,R,"4485 FM 600, HASKELL, TX, 79521-9404"
105803,29.899027607128,-97.927589218399,Match,Exact,"120 BERT BROWN RD, SAN MARCOS, TX, 78666",63846948,L,"120 BERT BROWN RD, SAN MARCOS, TX, 78666"
105905,30.006209674381,-98.113861340706,Match,Exact,"951 FM 2325, WIMBERLEY, TX, 78676",63833237,L,"951 FM 2325, WIMBERLEY, TX, 78676"
105906,29.972549674455,-97.874362481734,Match,Non_Exact,"21003 I- 35, KYLE, TX, 78640",649547700,R,"21003 INTERSTATE 35, KYLE, TX, 78640-9530"
107901,32.204179039734,-95.858853461157,Match,Non_Exact,"104 HAWN ST, ATHENS, TX, 75751",125803522,L,"104 HAWN ST, ATHENS, TX, 75751-2423"
107902,32.289408006083,-95.481952076792,Match,Non_Exact,"22250 BARRON DR, CHANDLER, TX, 75758",640187380,R,"22250 BARRON RD, CHANDLER, TX, 75758"
107904,32.05041155575,-95.967144319625,Match,Non_Exact,"14434 FM 59, MALAKOFF, TX, 75148",125806872,L,"14434 FM 59, MALAKOFF, TX, 75148-9801"
107907,32.137248083728,-96.091353674712,Match,Exact,"105 W EATON ST, TRINIDAD, TX, 75163",125798645,L,"105 W EATON ST, TRINIDAD, TX, 75163"
107910,32.096122141609,-95.639818188704,Match,Non_Exact,"13155 US HWY 175, LARUE, TX, 75770",656276426,R,"13155 HWY 175 E, LARUE, TX, 75770"
108902,26.172040570583,-98.052763216683,Match,Non_Exact,"116 N 10TH ST, DONNA, TX, 78537",71507284,R,"116 N 10TH ST, DONNA, TX, 78537-2799"
108906,26.22320005081,-98.242277492453,Match,Non_Exact,"2000 N 23RD ST, MCALLEN, TX, 78501",71494067,R,"2000 N 23RD ST, MCALLEN, TX, 78501-2000"
108907,26.288438335076,-98.156617213405,Match,Non_Exact,"1313 S 18TH AVE, EDINBURG, TX, 78539",71496857,R,"1313 S 18TH ST, EDINBURG, TX, 78539-3563"
108908,26.217646314509,-98.311032372189,Match,Non_Exact,"1201 BRYCE DR, MISSION, TX, 78572",71492364,L,"1201 BRYCE DR, MISSION, TX, 78572-4399"
108911,26.213132334251,-98.285387466888,Match,Non_Exact,"1200 N SHARY RD, MISSION, TX, 78572",71500047,R,"1200 N SHARY RD, MISSION, TX, 78572-4652"
108913,26.179986399085,-97.958766573959,Match,Non_Exact,"2202 N INTERNATIONAL BLVD, WESLACO, TX, 78599",639702089,R,"2202 N INTERNATIONAL BLVD, WESLACO, TX, 78596-8420"
108915,26.373578468755,-97.977033059682,Match,Non_Exact,"25149 1ST ST, MONTE ALTO, TX, 78538",71479631,L,"25149 1ST ST, MONTE ALTO, TX, 78538-9719"
108916,26.110042581089,-98.219018244293,Match,Exact,"9701 S JACKSON RD, PHARR, TX, 78577",624301414,L,"9701 S JACKSON RD, PHARR, TX, 78577"
109904,32.01186657222,-97.129736969568,Match,Non_Exact,"121 E FRANKLIN ST, HILLSBORO, TX, 76645",160515729,R,"121 E FRANKLIN ST, HILLSBORO, TX, 76645-2137"
109905,32.006905398956,-97.137426407335,Match,Exact,"200 LINE ST, HILLSBORO, TX, 76645",160515815,L,"200 LINE ST, HILLSBORO, TX, 76645"
109907,32.162903051258,-97.144361613319,Match,Non_Exact,"123 N COLLEGE ST, ITASCA, TX, 76055",160513788,L,"123 N COLLEGE, ITASCA, TX, 76055-2307"
109912,31.855046295561,-97.219501137899,Match,Non_Exact,"404 N RICHARDS, AQUILLA, TX, 76622",160521314,R,"404 N RICHARDS, AQUILLA, TX, 76622-9701"
110901,34.193346533112,-101.713223905526,Match,Non_Exact,"1200 HOUSTON ST, PLAINVIEW, TX, 79072",185696283,R,"1200 HOUSTON ST, PLAINVIEW, TX, 79072-9072"
110902,33.582042077817,-102.375509548392,Match,Non_Exact,"704 11TH ST, LEVELLAND, TX, 79336",185766958,L,"704 11TH ST, LEVELLAND, TX, 79336-5424"
110905,33.413106246295,-102.152861060065,Match,Non_Exact,"304 RANCH ST, ROPESVILLE, TX, 79358",185757041,L,"304 RANCH RD, ROPESVILLE, TX, 79358-0008"
111801,32.447320353672,-97.801122658737,Match,Exact,"1300 CROSSLAND RD, GRANBURY, TX, 76048",637946575,R,"1300 CROSSLAND RD, GRANBURY, TX, 76048"
111901,32.443907490428,-97.795433362302,Match,Non_Exact,"217 N JONES ST, GRANBURY, TX, 76048",158790491,L,"217 N JONES, GRANBURY, TX, 76048"
111902,32.519768651928,-98.046560803052,Match,Non_Exact,"211 N KICKAPOO ST, LIPAN, TX, 76462",158805856,L,"211 N KICKAPOO, LIPAN, TX, 76462-2429"
112901,33.138339439012,-95.60800892228,Match,Exact,"631 CONNALLY ST, SULPHUR SPRINGS, TX, 75482",42785399,R,"631 CONNALLY ST, SULPHUR SPRINGS, TX, 75482"
112905,33.134460195332,-95.845262190341,Match,Exact,"303 SAYLE ST, CUMBY, TX, 75433",42783932,R,"303 SAYLE ST, CUMBY, TX, 75433"
112906,33.268572222827,-95.623516761335,Match,Non_Exact,"1994 FARM 71 W, SULPHUR SPRINGS, TX, 75482",42782900,L,"1994 FM 71 W, SULPHUR SPRINGS, TX, 75482-0415"
112907,33.021682172276,-95.802254502381,Match,Non_Exact,"7819 FM 275, CUMBY, TX, 75433",42787457,R,"7819 FM 275 S, CUMBY, TX, 75433-9711"
113901,31.301347844229,-95.466339554251,Match,Non_Exact,"1400 W AUSTIN ST, CROCKETT, TX, 75835",21990307,L,"1400 W AUSTIN ST, CROCKETT, TX, 75835-3145"
114901,32.246098498375,-101.465154022865,Match,Non_Exact,"708 E 11TH PL, BIG SPRING, TX, 79720",182878896,R,"708 E 11TH PL, BIG SPRING, TX, 79720-4696"
116902,33.29281620608,-96.198615341991,Match,Non_Exact,"207 S 5TH ST, CELESTE, TX, 75423",42830292,R,"207 S 5TH ST, CELESTE, TX, 75423-0067"
116906,32.985134412978,-95.928982253408,Match,Non_Exact,"8162 US HWY 69, LONE OAK, TX, 75453",658053026,L,"8162 HWY 69 S, LONE OAK, TX, 75453-5305"
116908,32.909305376552,-96.139799315736,Match,Non_Exact,"401 W RICHMOND AVE, QUINLAN, TX, 75474",42837472,L,"401 E RICHMOND, QUINLAN, TX, 75474-9690"
116909,33.366560564878,-96.074872661638,Match,Non_Exact,"505 W HANNA ST, WOLFE CITY, TX, 75496",42830904,L,"505 W HANNA ST, WOLFE CITY, TX, 75496-3375"
116910,33.147546199674,-95.951797100553,Match,Non_Exact,"480 PATTERSON, CAMPBELL, TX, 75422",42828234,L,"480 N PATTERSON ST, CAMPBELL, TX, 75422"
116916,32.947296047272,-96.099370510739,Match,Non_Exact,"9777 FM 2101, QUINLAN, TX, 75474",655873440,L,"9777 F M 2101, QUINLAN, TX, 75474-4434"
117901,35.675432077768,-101.388638351985,Match,Non_Exact,"200 E 9TH ST, BORGER, TX, 79007",185356965,L,"200 E 9TH ST, BORGER, TX, 79007-3612"
119901,33.162991215484,-98.38302390579,Match,Non_Exact,"300 N MCCLOUD ST, BRYSON, TX, 76427",182948233,R,"300 N MCCLOUD, BRYSON, TX, 76427-0309"
119902,33.218340537139,-98.169772481208,Match,Non_Exact,"750 W BELKNAP ST, JACKSBORO, TX, 76458",657661424,L,"750 W BELKNAP, JACKSBORO, TX, 76458-1605"
120901,29.000088608451,-96.652968502306,Match,Non_Exact,"601 N WELLS ST, EDNA, TX, 77957",655865734,R,"601 N WELLS, EDNA, TX, 77957-1504"
120905,28.897626105847,-96.783906505596,Match,Non_Exact,"599 FM 444 S, INEZ, TX, 77968",44562398,R,"599 F M 444 S, INEZ, TX, 77968-5003"
121904,30.920534081832,-94.011284072345,Match,Non_Exact,"128 PARK LN, JASPER, TX, 75951",655861134,R,"128 PARK ST, JASPER, TX, 75951-3466"
121905,30.660706760124,-93.892609211514,Match,Non_Exact,"206 E MAIN ST, KIRBYVILLE, TX, 75956",32388541,L,"206 E MAIN ST, KIRBYVILLE, TX, 75956-2128"
123905,29.971575360694,-93.993884792066,Match,Non_Exact,"220 17TH ST, NEDERLAND, TX, 77627",73860330,R,"220 N 17TH ST, NEDERLAND, TX, 77627-5029"
123908,29.975468956087,-93.953850056453,Match,Non_Exact,"776 MAGNOLIA AVE, PORT NECHES, TX, 77651",653756853,R,"776 MAGNOLIA, PORT NECHES, TX, 77651-3092"
123910,30.089386256945,-94.137951378224,Match,Non_Exact,"3395 HARRISON AVE, BEAUMONT, TX, 77706",73852967,L,"3395 HARRISON AVE, BEAUMONT, TX, 77706-5009"
123914,29.923622190879,-94.249583931813,Match,Non_Exact,"23395 BURRELL-WINGATE RD, BEAUMONT, TX, 77705",657661175,R,"23395 BURRELL WINGATE RD, BEAUMONT, TX, 77705-9182"
124901,27.314753066031,-98.680087443523,Match,Non_Exact,"210 W LUCILLE ST, HEBBRONVILLE, TX, 78361",21484500,R,"210 W LUCILLE, HEBBRONVILLE, TX, 78361-3025"
125906,27.289074813583,-98.12995988096,Match,Non_Exact,"182 CO RD 401, FALFURRIAS, TX, 78355",21523315,L,"182 E COUNTY RD 401, FALFURRIAS, TX, 78355-9712"
126902,32.525396752595,-97.343949094041,Match,Non_Exact,"1160 SW WILSHIRE BLVD, BURLESON, TX, 76028",103525837,L,"1160 S W WILSHIRE BLVD, BURLESON, TX, 76028-5719"
126903,32.34627359904,-97.412330353523,Match,Non_Exact,"505 N RIDGEWAY DR, CLEBURNE, TX, 76033",103521010,R,"505 N RIDGEWAY STE 100, CLEBURNE, TX, 76033-5118"
126905,32.45370072146,-97.379501536682,Match,Non_Exact,"513 HENDERSON ST, JOSHUA, TX, 76058",103534540,L,"513 HENDERSON ST, JOSHUA, TX, 76058-3180"
126907,32.373184016122,-97.387563481548,Match,Non_Exact,"1102 E KILPATRICK ST, CLEBURNE, TX, 76031",225914252,R,"1102 E KILPATRICK STE C, CLEBURNE, TX, 76031"
126908,32.42494936607,-97.105242054471,Match,Non_Exact,"20 BULLDOG DR, VENUS, TX, 76084",653726262,R,"#20 BULLDOG DR, VENUS, TX, 76084-0364"
126911,32.452128166723,-97.530502627439,Match,Non_Exact,"313 N PEARSON ST, GODLEY, TX, 76044",103534802,L,"313 N PEARSON, GODLEY, TX, 76044"
127901,32.753690153405,-99.896730058657,Match,Non_Exact,"1431 COMMERCIAL AVE, ANSON, TX, 79501",185567783,R,"1431 COMMERCIAL AVE, ANSON, TX, 79501-5207"
127906,32.940494916572,-99.794385424237,Match,Non_Exact,"507 S ORIENT ST, STAMFORD, TX, 79553",185566211,R,"507 S ORIENT ST, STAMFORD, TX, 79553-5701"
128901,28.888231578375,-97.892923263621,Match,Non_Exact,"404 N STATE HWY 123, KARNES CITY, TX, 78118",36153174,R,"404 N HWY 123, KARNES CITY, TX, 78118-3016"
128902,28.828496337027,-97.854210344213,Match,Non_Exact,"401 FM 719, KENEDY, TX, 78119",36161231,L,"401 F M 719, KENEDY, TX, 78119-2034"
129901,32.621844305378,-96.458049994651,Match,Non_Exact,"500 LEWIS, CRANDALL, TX, 75114",123760810,L,"500 W LEWIS ST, CRANDALL, TX, 75114-0128"
129903,32.583638376773,-96.312764739649,Match,Non_Exact,"1000 S HOUSTON ST, KAUFMAN, TX, 75142",123737432,R,"1000 S HOUSTON ST, KAUFMAN, TX, 75142-2298"
129904,32.437772127034,-96.228824970791,Match,Exact,"803 S MAIN ST, KEMP, TX, 75143",123739779,L,"803 S MAIN ST, KEMP, TX, 75143"
129905,32.365670188225,-96.097778302471,Match,Exact,"310 E MARKET ST, MABANK, TX, 75147",123731983,L,"310 E MARKET ST, MABANK, TX, 75147"
129906,32.743762240859,-96.275953378555,Match,Non_Exact,"700 N CATHERINE ST, TERRELL, TX, 75160",123736405,L,"700 N CATHERINE ST, TERRELL, TX, 75160-2161"
129910,32.49332613103,-96.404891861086,Match,Non_Exact,"10705 S STATE HWY 34, SCURRY, TX, 75158",123756762,R,"10705 S STATE HWY 34, SCURRY, TX, 75158-3163"
130801,29.765432600534,-98.710051908346,Match,Exact,"121 OLD SAN ANTONIO RD, BOERNE, TX, 78006",102768939,R,"121 OLD SAN ANTONIO RD, BOERNE, TX, 78006"
130901,29.795620895819,-98.735609899566,Match,Non_Exact,"235 JOHNS RD, BOERNE, TX, 78006",102757289,R,"235 JOHNS RD, BOERNE, TX, 78006-2023"
130902,29.970871682429,-98.915598476088,Match,Non_Exact,"232 HIGH ST, COMFORT, TX, 78013",102753115,R,"232 HIGH ST, COMFORT, TX, 78013-0398"
133903,30.046575161087,-99.132364285454,Match,Non_Exact,"1009 BARNETT ST, KERRVILLE, TX, 78028",176903904,L,"1009 BARNETT ST, KERRVILLE, TX, 78028-4614"
133905,30.117223883417,-99.61717393735,Match,Non_Exact,"120 DIVIDE SCHOOL RD NW, MOUNTAIN HOME, TX, 78058",176884992,L,"120 DIVIDE SCHOOL RD, MOUNTAIN HOME, TX, 78058"
134901,30.488371112645,-99.778117352632,Match,Non_Exact,"1700 COLLEGE ST, JUNCTION, TX, 76849",173449965,R,"1700 COLLEGE ST, JUNCTION, TX, 76849-4508"
137902,27.421531656132,-97.853844012198,Match,Non_Exact,"138 W CO RD 2160, KINGSVILLE, TX, 78363",72095776,R,"138 W CR 2160, KINGSVILLE, TX, 78363-9708"
138902,33.418167576165,-99.812986206772,Match,Non_Exact,"606 E MAIN ST, KNOX CITY, TX, 79529",185529572,R,"606 E MAIN ST, KNOX CITY, TX, 79529-2226"
139905,33.625950360968,-95.562569336668,Match,Non_Exact,"3250 S CHURCH ST, PARIS, TX, 75460",63590518,L,"3250 S CHURCH ST, PARIS, TX, 75462-8909"
139909,33.655731128877,-95.536110190964,Match,Non_Exact,"1920 CLARKSVILLE ST, PARIS, TX, 75460",63575034,L,"1920 CLARKSVILLE, PARIS, TX, 75460"
139911,33.693965705883,-95.554048017179,Match,Non_Exact,"3130 N MAIN ST, PARIS, TX, 75460",63601155,R,"3130 N MAIN, PARIS, TX, 75460"
139912,33.572505682164,-95.389532476421,Match,Non_Exact,"466 FM 196, PATTONVILLE, TX, 75468",647715422,L,"466 FM 196 S, PATTONVILLE, TX, 75468-9801"
140904,33.913707610478,-102.320471923406,Match,Non_Exact,"1207 E 14TH ST, LITTLEFIELD, TX, 79339",185829373,R,"1207 E 14TH ST, LITTLEFIELD, TX, 79339-4207"
141901,31.059984954754,-98.18181755889,Match,Non_Exact,"207 W 8TH ST, LAMPASAS, TX, 76550",636702600,R,"207 W 8TH ST, LAMPASAS, TX, 76550-3125"
142901,28.436957842626,-99.235133047657,Match,Non_Exact,"310 N MAIN ST, COTULLA, TX, 78014",24532386,R,"310 N MAIN ST, COTULLA, TX, 78014-2153"
143901,29.438344570039,-96.937870065862,Match,Non_Exact,"410 S RUSSELL ST, HALLETTSVILLE, TX, 77964",42271344,R,"410 S RUSSELL ST, HALLETTSVILLE, TX, 77964-3099"
143904,29.435159588443,-97.01814301148,Match,Non_Exact,"595 CO RD 182, HALLETTSVILLE, TX, 77964",42271683,R,"595 COUNTY RD 182, HALLETTSVILLE, TX, 77964-5844"
144902,30.400469119166,-96.994534849753,Match,Exact,"8403 N HWY 77, LEXINGTON, TX, 78947",39130637,L,"8403 N HWY 77, LEXINGTON, TX, 78947"
145901,31.463284601642,-96.071984523532,Match,Exact,"708 CEDAR CREEK RD, BUFFALO, TX, 75831",22108900,R,"708 CEDAR CREEK RD, BUFFALO, TX, 75831"
145902,31.263213034915,-95.97919431178,Match,Non_Exact,"813 COMMERCE ST, CENTERVILLE, TX, 75833",22105890,R,"813 S COMMERCE, CENTERVILLE, TX, 75833-0813"
145907,31.579978755041,-95.847867741217,Match,Non_Exact,"631 HOLLY ST, OAKWOOD, TX, 75855",22111398,R,"631 N HOLLY ST, OAKWOOD, TX, 75855"
145911,31.317693979846,-96.208565335146,Match,Non_Exact,"12168 US HWY 79, JEWETT, TX, 75846",22099831,L,"12168 HWY 79 W, JEWETT, TX, 75846"
146906,30.071870838033,-94.786926479135,Match,Non_Exact,"2103 N MAIN ST, LIBERTY, TX, 77575",655839795,L,"2103 N MAIN ST, LIBERTY, TX, 77575-4725"
146907,30.310190620198,-94.960162480435,Match,Non_Exact,"2770 FM 163 RD, CLEVELAND, TX, 77327",611051308,L,"2770 FM 163, CLEVELAND, TX, 77327"
149901,28.331265809928,-98.119583740792,Match,Non_Exact,"913 HOUSTON ST, GEORGE WEST, TX, 78022",21574543,R,"913 HOUSTON ST, GEORGE WEST, TX, 78022-3416"
149902,28.456812144085,-98.176499596,Match,Exact,"351 S SCHOOL RD, THREE RIVERS, TX, 78071",21572074,R,"351 S SCHOOL RD, THREE RIVERS, TX, 78071"
150901,30.74428031685,-98.674695939945,Match,Exact,"1400 OATMAN ST, LLANO, TX, 78643",182244246,R,"1400 OATMAN ST, LLANO, TX, 78643"
152901,33.577864133902,-101.853494010254,Match,Non_Exact,"1628 19TH ST, LUBBOCK, TX, 79401",185254399,R,"1628 19TH ST, LUBBOCK, TX, 79401-4895"
152903,33.436648558759,-101.641911557653,Match,Non_Exact,"140 E PANHANDLE AVE, SLATON, TX, 79364",185275558,R,"140 E PANHANDLE, SLATON, TX, 79364-4238"
152906,33.46849981626,-101.887568000221,Match,Non_Exact,"13807 INDIANA AVE, LUBBOCK, TX, 79423",657620136,R,"13807 INDIANA AVE, LUBBOCK, TX, 79423-9530"
152908,33.582992391995,-101.67481500142,Match,Non_Exact,"1406 CO RD 3300, LUBBOCK, TX, 79403",185328420,L,"1406 CR 3300, LUBBOCK, TX, 79403-9643"
152909,33.6921125926,-101.993099402681,Match,Exact,"1100 AVE K, SHALLOWATER, TX, 79363",185240000,R,"1100 AVE K, SHALLOWATER, TX, 79363"
152910,33.66202354154,-101.682982557387,Match,Non_Exact,"601 WALNUT ST, IDALOU, TX, 79329",185321002,L,"601 S WALNUT, IDALOU, TX, 79329"
153903,32.968746157225,-101.82971193805,Match,Exact,"400 SMALL ST, ODONNELL, TX, 79351",183047802,R,"400 SMALL ST, O'DONNELL, TX, 79351"
153904,33.166536713388,-101.808676169794,Match,Non_Exact,"2300 LOCKWOOD ST, TAHOKA, TX, 79373",183050759,R,"2300 LOCKWOOD, TAHOKA, TX, 79373-1230"
153905,33.328190145824,-101.911688114699,Match,Exact,"225 N MAIN ST, NEW HOME, TX, 79381",634249930,R,"225 N MAIN ST, NEW HOME, TX, 79381"
156905,32.307133523153,-101.92660976786,Match,Non_Exact,"3011 STATE HWY 176, LENORAH, TX, 79749",139553522,L,"3011 STATE HWY 176, LENORAH, TX, 79749-4000"
157901,30.744021154333,-99.240096542066,Match,Non_Exact,"807 E COLLEGE AVE, MASON, TX, 76856",186198891,L,"807 W COLLEGE AVE, MASON, TX, 76856"
158905,28.712633081197,-96.226954085888,Match,Non_Exact,"1209 12TH ST, PALACIOS, TX, 77465",83288175,L,"1209 12TH ST, PALACIOS, TX, 77465-3799"
158906,29.017085361812,-95.888560023603,Match,Non_Exact,"142 4TH ST, VAN VLECK, TX, 77482",636632098,L,"142 S 4TH ST, VAN VLECK, TX, 77482-0015"
159901,28.712204356999,-100.502840428902,Match,Non_Exact,"587 MADISON ST, EAGLE PASS, TX, 78852",183358120,L,"587 MADISON ST, EAGLE PASS, TX, 78852-5604"
160901,31.126687312463,-99.343128173062,Match,Non_Exact,"1003 W 11TH ST, BRADY, TX, 76825",636531696,L,"1003 W 11TH ST, BRADY, TX, 76825-4527"
161901,31.53213250617,-97.450534312812,Match,Non_Exact,"200 PIRATE DR, CRAWFORD, TX, 76638",146739289,L,"200 PIRATE DR, CRAWFORD, TX, 76638-0120"
161903,31.487647911344,-97.246147425155,Match,Non_Exact,"13885 WOODWAY DR, WOODWAY, TX, 76712",639335508,R,"13885 WOODWAY DR, WOODWAY, TX, 76712-0000"
161907,31.528250088061,-97.094505941634,Match,Non_Exact,"3805 S 3RD ST RD, WACO, TX, 76706",146745836,R,"3805 S 3RD ST, WACO, TX, 76706"
161910,31.275534866624,-97.372342672835,Match,Non_Exact,"12084A S LONE STAR PKWY, MOODY, TX, 76557",653775669,L,"12084A S LONE STAR PKWY, MOODY, TX, 76557-3638"
161912,31.477002342758,-96.916401837161,Match,Non_Exact,"600 E FREDERICK ST, RIESEL, TX, 76682",146749224,R,"600 E FREDERICK, RIESEL, TX, 76682-2931"
161914,31.53829223641,-97.139521466573,Match,Non_Exact,"2100 ROSS AVE, WACO, TX, 76706",146744820,L,"2100 ROSS, WACO, TX, 76706"
161916,31.584350669912,-97.120367471428,Match,Non_Exact,"1200 CLIFTON ST, WACO, TX, 76704",146737566,L,"1200 CLIFTON RD, WACO, TX, 76704-2041"
161918,31.649614292157,-96.977047584711,Match,Exact,"1100 LONGHORN PKWY, AXTELL, TX, 76624",146747297,R,"1100 LONGHORN PKWY, AXTELL, TX, 76624"
161919,31.300821376688,-97.256801418564,Match,Non_Exact,"1 EAGLE DR, EDDY, TX, 76524",619859494,L,"# 1 EAGLE DR, EDDY, TX, 76524-0099"
161920,31.568476986762,-97.166294245666,Match,Exact,"2015 ALEXANDER AVE, WACO, TX, 76708",146734171,R,"2015 ALEXANDER AVE, WACO, TX, 76708"
161922,31.465391830419,-97.122805615124,Match,Non_Exact,"500 W LYNDALE DR, ROBINSON, TX, 76706",655866194,R,"500 W LYNDALE, ROBINSON, TX, 76706-5505"
161923,31.617721194535,-97.196304352345,Match,Exact,"7636 ROCK CREEK RD, WACO, TX, 76708",146762394,R,"7636 ROCK CREEK RD, WACO, TX, 76708"
161924,31.536404503561,-96.959473901282,Match,Non_Exact,"2313 HALLSBURG RD, WACO, TX, 76705",146770743,L,"2313 HALLSBURG RD, WACO, TX, 76705-5019"
161925,31.716146812972,-97.233544596853,Match,Non_Exact,"137 HAMILTON DR, WACO, TX, 76705",146755869,R,"137 HAMILTON DR, WACO, TX, 76705-5914"
163901,29.143582432356,-98.911731492894,Match,Non_Exact,"605 W HONDO AVE, DEVINE, TX, 78016",102808058,L,"605 W HONDO, DEVINE, TX, 78016-6080"
163904,29.341394217881,-99.136402482373,Match,Exact,"2603 AVE H, HONDO, TX, 78861",102798726,R,"2603 AVE H, HONDO, TX, 78861"
163908,29.342921049767,-98.832405353445,Match,Non_Exact,"8449 FM 471, CASTROVILLE, TX, 78009",102806629,L,"8449 F M 471 S, CASTROVILLE, TX, 78009-9531"
165802,32.001771359587,-102.07318570933,Match,Non_Exact,"500 N BAIRD ST, MIDLAND, TX, 79701",139582510,R,"500 N BAIRD, MIDLAND, TX, 79701"
165901,31.99627506366,-102.080705520346,Match,Non_Exact,"615 W MISSOURI AVE, MIDLAND, TX, 79701",139583234,L,"615 W MISSOURI AVE, MIDLAND, TX, 79701-5017"
165902,32.027666550958,-101.895753270697,Match,Non_Exact,"2700 FM 1379, MIDLAND, TX, 79706",139592550,L,"2700 FM 1379, MIDLAND, TX, 79706-5330"
168901,32.406208038178,-100.848035321648,Match,Non_Exact,"1500 LONE WOLF BLVD, COLORADO CITY, TX, 79512",636341074,L,"1500 N LONE WOLF BLVD, COLORADO CITY, TX, 79512-7399"
169902,33.788075476353,-97.725449944633,Match,Non_Exact,"100 COOKE ST, NOCONA, TX, 76255",152109523,R,"100 COOKE ST, NOCONA, TX, 76255-2104"
169906,33.673646602805,-97.903475927757,Match,Non_Exact,"468 PRATER ST, BOWIE, TX, 76230",152122843,R,"468 PRATER RD, BOWIE, TX, 76230-9801"
169909,33.894779725,-97.722471279077,Match,Non_Exact,"12920 FM 103, NOCONA, TX, 76255",152107596,L,"12920 FM 103, NOCONA, TX, 76255-9521"
169910,33.533102348364,-97.563181483941,Match,Exact,"16346 FM 455, FORESTBURG, TX, 76239",655861269,L,"16346 FM 455, FORESTBURG, TX, 76239"
170902,30.32046067713,-95.48447159202,Match,Non_Exact,"3205 W DAVIS ST, CONROE, TX, 77304",79330825,L,"3205 W DAVIS, CONROE, TX, 77304"
170903,30.389290618322,-95.692150513147,Match,Exact,"20774 EVA ST, MONTGOMERY, TX, 77356",617268814,R,"20774 EVA ST, MONTGOMERY, TX, 77356"
170904,30.427532296255,-95.484294653085,Match,Exact,"612 N CAMPBELL ST, WILLIS, TX, 77378",79302398,R,"612 N CAMPBELL ST, WILLIS, TX, 77378"
170907,30.247192989926,-95.199481908194,Match,Non_Exact,"23419 FM 2090, SPLENDORA, TX, 77372",656097309,L,"23419 FM 2090, SPLENDORA, TX, 77372-6211"
170908,30.132389875856,-95.219476540959,Match,Exact,"21580 LOOP 494, NEW CANEY, TX, 77357",654434391,L,"21580 LOOP 494, NEW CANEY, TX, 77357"
171901,35.886734367823,-101.963475211689,Match,Exact,"1015 N MADDOX AVE, DUMAS, TX, 79029",656121892,L,"1015 N MADDOX AVE, DUMAS, TX, 79029"
172902,33.01544011341,-94.719877956655,Match,Non_Exact,"200 TIGER DR, DAINGERFIELD, TX, 75638",57784083,R,"200 TIGER DR, DAINGERFIELD, TX, 75638-0851"
174903,31.82806668853,-94.488909857537,Match,Non_Exact,"459 N US HWY 59, GARRISON, TX, 75946",72431769,L,"459 N US HWY 59, GARRISON, TX, 75946-2117"
174908,31.706995600819,-94.67803693494,Match,Non_Exact,"10317 US HWY 259, NACOGDOCHES, TX, 75965",636375119,L,"10317 US HWY 259 N, NACOGDOCHES, TX, 75965-9584"
175902,32.089512872529,-96.713503750596,Match,Non_Exact,"601 FM 55, BLOOMING GROVE, TX, 76626",183881328,L,"601 N FM 55, BLOOMING GROVE, TX, 76626"
175903,32.084367287435,-96.487185991651,Match,Non_Exact,"2200 W 4TH AVE, CORSICANA, TX, 75110",183883991,L,"2200 W 4TH AVE, CORSICANA, TX, 75110-3298"
175904,31.897724412702,-96.712036244252,Match,Exact,"199 N SCHOOL AVE, DAWSON, TX, 76639",183901986,L,"199 N SCHOOL AVE, DAWSON, TX, 76639"
175910,32.036593174776,-96.383827565298,Match,Non_Exact,"5475 S US HWY 287, CORSICANA, TX, 75109",636344523,R,"5475 S HWY 287, CORSICANA, TX, 75109-9328"
175911,32.255419746483,-96.503041645903,Match,Non_Exact,"1302 MCKINNEY ST, RICE, TX, 75155",183918042,R,"1302 SW MCKINNEY ST, RICE, TX, 75155"
176902,30.843986411711,-93.758651369876,Match,Non_Exact,"720 N RUSK ST, NEWTON, TX, 75966",177222751,L,"720 RUSK ST, NEWTON, TX, 75966"
176903,30.273423154608,-93.782946192738,Match,Non_Exact,"43200 STATE HWY 87, ORANGE, TX, 77632",177231975,L,"43200 STATE HWY 87 S, ORANGE, TX, 77632"
177902,32.470461236921,-100.400799409479,Match,Non_Exact,"207 MUSGROVE ST, SWEETWATER, TX, 79556",186308223,R,"207 MUSGROVE ST, SWEETWATER, TX, 79556-5321"
177905,32.340628947537,-100.509241224367,Match,Non_Exact,"6625 FM 608, ROSCOE, TX, 79545",657937972,R,"6625 FM 608, ROSCOE, TX, 79545-9801"
178801,27.758252044782,-97.432009964209,Match,Exact,"4129 GREENWOOD DR, CORPUS CHRISTI, TX, 78416",178515753,R,"4129 GREENWOOD DR, CORPUS CHRISTI, TX, 78416"
178902,27.580564415061,-97.792839254671,Match,Non_Exact,"719 E 6TH ST, BISHOP, TX, 78343",178529266,R,"719 E SIXTH ST, BISHOP, TX, 78343-2708"
178903,27.856538243063,-97.634472925225,Match,Non_Exact,"4205 WILDCAT DR, CORPUS CHRISTI, TX, 78410",178541681,L,"4205 WILDCAT DR, CORPUS CHRISTI, TX, 78410-5198"
178906,27.688175026096,-97.477474838541,Match,Non_Exact,"1356 FM 43, CORPUS CHRISTI, TX, 78415",650695755,L,"1356 FM 43, CORPUS CHRISTI, TX, 78415-9713"
178908,27.830816570453,-97.060830457717,Match,Exact,"100 S STATION ST, PORT ARANSAS, TX, 78373",648659521,L,"100 S STATION ST, PORT ARANSAS, TX, 78373"
178909,27.797209370966,-97.667937487067,Match,Non_Exact,"801 N 1ST ST, ROBSTOWN, TX, 78380",605766136,R,"801 N 1ST ST, ROBSTOWN, TX, 78380-2608"
178914,27.644954513751,-97.296993029174,Match,Non_Exact,"2505 WALDRON RD, CORPUS CHRISTI, TX, 78418",605757428,L,"2505 WALDRON RD, CORPUS CHRISTI, TX, 78418-4798"
181901,30.035052198888,-93.852702974714,Match,Non_Exact,"1031 W ROUND BUNCH RD, BRIDGE CITY, TX, 77611",642978445,R,"1031 W ROUNDBUNCH RD, BRIDGE CITY, TX, 77611"
181907,30.141534338812,-94.015725972688,Match,Non_Exact,"1255 N MAIN ST, VIDOR, TX, 77662",74003542,R,"1255 N MAIN ST, VIDOR, TX, 77662-4907"
181908,30.151589293077,-93.759279680166,Match,Exact,"6586 FM 1130, ORANGE, TX, 77632",657253484,L,"6586 FM 1130, ORANGE, TX, 77632"
182902,32.940108200588,-98.252061608904,Match,Non_Exact,"400 DIVISION ST, GRAFORD, TX, 76449",158836193,R,"400 W DIVISION, GRAFORD, TX, 76449-9701"
182903,32.802782382834,-98.117673306748,Match,Non_Exact,"906 SW 5TH AVE, MINERAL WELLS, TX, 76067",158841495,L,"906 S W 5TH AVE, MINERAL WELLS, TX, 76067-4895"
183801,32.510443855893,-94.354739648507,Match,Exact,"3714 E END BLVD S, MARSHALL, TX, 75672",637510132,R,"3714 E END BLVD S, MARSHALL, TX, 75672"
183904,32.028588609058,-94.36605345936,Match,Non_Exact,"132 BOBCAT TRL, GARY, TX, 75643",67829056,L,"132 BOBCAT TRAIL, GARY, TX, 75643-0189"
184901,32.972245590939,-97.858808355219,Match,Non_Exact,"16025 FM 920, POOLVILLE, TX, 76487",103572826,L,"16025 FM 920, POOLVILLE, TX, 76487-0096"
184902,32.970759561218,-97.682814446026,Match,Non_Exact,"301 E 5TH ST, SPRINGTOWN, TX, 76082",103573551,R,"301 E FIFTH ST, SPRINGTOWN, TX, 76082-2566"
184903,32.746705122337,-97.812190228027,Match,Exact,"1100 LONGHORN DR, WEATHERFORD, TX, 76086",103579810,R,"1100 LONGHORN DR, WEATHERFORD, TX, 76086"
184904,32.747787459423,-98.014116207963,Match,Non_Exact,"201 W BRAZOS ST, MILLSAP, TX, 76066",103600861,R,"201 E BRAZOS ST, MILLSAP, TX, 76066-9444"
184907,32.71109031672,-97.616366518756,Match,Non_Exact,"1008 BAILEY RANCH RD, ALEDO, TX, 76008",643009341,R,"1008 BAILEY RANCH RD, ALEDO, TX, 76008-4407"
184911,32.833059265599,-97.985053917718,Match,Non_Exact,"2222 GARNER SCHOOL RD, WEATHERFORD, TX, 76088",103574550,R,"2222 GARNER SCHOOL RD, WEATHERFORD, TX, 76088-7044"
185903,34.641676609138,-102.707860768133,Match,Non_Exact,"909 E 11TH ST, FRIONA, TX, 79035",164049741,L,"909 E 11TH ST, FRIONA, TX, 79035-1416"
186902,30.884400568662,-102.879215371731,Match,Non_Exact,"101 W DIVISION ST, FORT STOCKTON, TX, 79735",184256863,L,"101 W DIVISION ST, FORT STOCKTON, TX, 79735-7107"
187904,31.002516042192,-94.825298855483,Match,Non_Exact,"504 N HOME ST, CORRIGAN, TX, 75939",655862434,R,"504 S HOME ST, CORRIGAN, TX, 75939-2501"
191901,35.12989838721,-101.914716328936,Match,Non_Exact,"6801 LEARNING TREE AVE, AMARILLO, TX, 79119",182660632,R,"6801 LEARNING TREE AVE, AMARILLO, TX, 79109-7301"
193801,30.116693596795,-99.290215629015,Match,Exact,"149 CAMP SCENIC LOOP W, INGRAM, TX, 78025",176885557,L,"149 CAMP SCENIC LOOP W, INGRAM, TX, 78025"
194902,33.552008494335,-94.785532407901,Match,Non_Exact,"150 SAN ANTONIO DR, AVERY, TX, 75554",68956708,L,"150 SAN ANTONIO ST, AVERY, TX, 75554"
194903,33.41427673908,-95.162968064113,Match,Exact,"4100 US HWY 271 S, BOGATA, TX, 75417",68954202,L,"4100 US HWY 271 S, BOGATA, TX, 75417"
194904,33.610003727458,-95.063694436005,Match,Non_Exact,"1500 W MAIN ST, CLARKSVILLE, TX, 75426",68952326,R,"1500 W MAIN ST, CLARKSVILLE, TX, 75426-1016"
196901,28.456696284251,-96.890902013392,Match,Non_Exact,"207 REDFISH ST, TIVOLI, TX, 77990",36294460,L,"207 REDFISH ST, TIVOLI, TX, 77990-4500"
196903,28.31404635119,-97.273755127449,Match,Exact,"212 W VANCE ST, REFUGIO, TX, 78377",36289380,R,"212 W VANCE ST, REFUGIO, TX, 78377"
198901,31.168329429007,-96.680481333992,Match,Non_Exact,"601 COLLINS ST, BREMOND, TX, 76629",24675825,R,"601 W COLLINS, BREMOND, TX, 76629"
198905,30.869461839966,-96.596432623391,Match,Non_Exact,"900 WHEELOCK ST, HEARNE, TX, 77859",24683220,L,"900 WHEELOCK ST, HEARNE, TX, 77859-3096"
199901,32.936380939844,-96.44512260677,Match,Non_Exact,"1050 WILLIAMS ST, ROCKWALL, TX, 75087",656161082,R,"1050 WILLIAMS, ROCKWALL, TX, 75087-3832"
199902,33.046437962239,-96.308707264202,Match,Non_Exact,"1412 FM 1777, ROYSE CITY, TX, 75189",656119927,L,"1412 FM 1777, ROYSE CITY, TX, 75189-0479"
200902,31.391188971462,-100.400575559316,Match,Exact,"2405 FAIRVIEW SCHOOL RD, SAN ANGELO, TX, 76904",190684808,R,"2405 FAIRVIEW SCHOOL RD, SAN ANGELO, TX, 76904"
200904,31.964793591667,-99.961386181407,Match,Non_Exact,"603 N HEIGHTS ST, WINTERS, TX, 79567",129885413,L,"603 N HEIGHTS ST, WINTERS, TX, 79567-4003"
200906,31.610178318927,-99.961343104456,Match,Exact,"1122 PVT RD 2562, ROWENA, TX, 76875",129890820,L,"1122 PRIVATE RD 2562, ROWENA, TX, 76875"
201903,31.974047659819,-94.815068650078,Match,Exact,"7415 FM 1798 W, LANEVILLE, TX, 75667",79636744,L,"7415 FM 1798 W, LANEVILLE, TX, 75667"
201907,31.913297971179,-94.684424521993,Match,Non_Exact,"301 SW 3RD ST, MOUNT ENTERPRISE, TX, 75681",79641480,L,"301 NW 3RD ST, MOUNT ENTERPRISE, TX, 75681"
201910,32.320301477472,-94.518092764533,Match,Non_Exact,"510 CRYSTAL FARMS RD, TATUM, TX, 75691",79640853,R,"510 CRYSTAL FARMS RD, TATUM, TX, 75691-0808"
203901,31.535468700702,-94.125787247994,Match,Non_Exact,"1002 BARRETT ST, SAN AUGUSTINE, TX, 75972",72669191,R,"1002 BARRETT ST, SAN AUGUSTINE, TX, 75972-2298"
205901,27.906286953132,-97.153095159253,Match,Non_Exact,"748 W GOODNIGHT AVE, ARANSAS PASS, TX, 78336",605983088,L,"748 W GOODNIGHT AVE, ARANSAS PASS, TX, 78336-2442"
205903,27.87723024716,-97.215121318466,Match,Non_Exact,"2664 SAN ANGELO AVE, INGLESIDE, TX, 78362",36334422,L,"2664 SAN ANGELO, INGLESIDE, TX, 78362"
205905,27.951741948227,-97.590208425383,Match,Exact,"1 OWL SQ, ODEM, TX, 78370",36323419,L,"1 OWL SQUARE, ODEM, TX, 78370"
205907,27.98524685942,-97.392270129817,Match,Non_Exact,"400 COLLEGE ST, TAFT, TX, 78390",36324006,L,"400 COLLEGE ST, TAFT, TX, 78390-2903"
206901,31.195770938261,-98.728119564253,Match,Non_Exact,"808 W WALLACE ST, SAN SABA, TX, 76877",183599747,R,"808 W WALLACE, SAN SABA, TX, 76877-3523"
208902,32.704856315008,-100.930710644847,Match,Non_Exact,"2901 37TH ST, SNYDER, TX, 79549",183177337,L,"2901 37TH ST, SNYDER, TX, 79549-5226"
208903,32.582105432791,-101.006197927351,Match,Exact,"6190 W FM 1606, IRA, TX, 79527",183183879,R,"6190 W FM 1606, IRA, TX, 79527"
210902,31.964422559267,-94.046383924077,Match,Non_Exact,"11109 US HWY 84, JOAQUIN, TX, 75954",67870656,R,"11109 US HWY 84 E, JOAQUIN, TX, 75954"
210906,31.68808273866,-94.337113759725,Match,Non_Exact,"11270 STATE HWY 7 W, CENTER, TX, 75935",67885712,L,"11270 STATE HWY 7 W, CENTER, TX, 75935-5304"
212905,32.38196017789,-95.341129679316,Match,Exact,"3350 PINE HAVEN RD, TYLER, TX, 75702",141265245,L,"3350 PINE HAVEN RD, TYLER, TX, 75702"
212906,32.22663387686,-95.226257645811,Match,Non_Exact,"104 STATE HWY 110 S, WHITEHOUSE, TX, 75791",141276181,L,"104 HWY 110 N, WHITEHOUSE, TX, 75791-3130"
212909,32.317416263392,-95.188199947011,Match,Exact,"11134 CO RD 2249, TYLER, TX, 75707",655865949,L,"11134 CR 2249, TYLER, TX, 75707"
212910,32.491276414033,-95.182959261709,Match,Non_Exact,"611 WILDCAT DR, WINONA, TX, 75792",656221922,L,"611 WILDCAT DR, WINONA, TX, 75792-0218"
215901,32.758404654358,-98.907639080704,Match,Non_Exact,"500 W LINDSEY ST, BRECKENRIDGE, TX, 76424",187522037,R,"500 W LINDSEY ST, BRECKENRIDGE, TX, 76424-3496"
216901,31.391188971462,-100.400575559316,Match,Non_Exact,"2405 FAIRVIEW SCHOOL RD, SAN ANGELO, TX, 76904",190684808,R,"2405 FAIRVIEW SCHOOL RD, SAN ANGELO, TX, 76904-9999"
218901,30.566322096719,-100.639137441765,Match,Non_Exact,"404 E 1ST ST, SONORA, TX, 76950",173053649,R,"404 E 1ST ST, SONORA, TX, 76950-3922"
219903,34.539855477006,-101.758736582214,Match,Non_Exact,"300 N DALLAS AVE, TULIA, TX, 79088",182708477,R,"300 N DALLAS AVE, TULIA, TX, 79088-1199"
219905,34.363772914582,-101.746145744621,Match,Non_Exact,"200 E 5TH ST, KRESS, TX, 79052",182704953,L,"200 E 5TH, KRESS, TX, 79052"
220810,32.987327702899,-97.210839146952,Match,Exact,"2600 J T OTTINGER RD, WESTLAKE, TX, 76262",649631252,R,"2600 J T OTTINGER RD, WESTLAKE, TX, 76262"
220902,32.83515107721,-97.198615054828,Match,Exact,"8555 AIRPORT FWY, NORTH RICHLAND HILLS, TX, 76180",639931325,L,"8555 AIRPORT FWY, NORTH RICHLAND HILLS, TX, 76180"
220904,32.627258080444,-97.303471947495,Match,Non_Exact,"1520 EVERMAN PKWY, FORT WORTH, TX, 76140",102176567,R,"1520 E EVERMAN PKWY, FORT WORTH, TX, 76140-5206"
220905,32.719077668102,-97.438842917529,Match,Exact,"7060 CAMP BOWIE BLVD, FORT WORTH, TX, 76116",639259115,R,"7060 CAMP BOWIE BLVD, FORT WORTH, TX, 76116"
220906,32.920584042803,-97.116348044812,Match,Non_Exact,"3051 IRA E WOODS AVE, GRAPEVINE, TX, 76051",642826847,L,"3051 IRA E WOODS AVE, GRAPEVINE, TX, 76051-3897"
220907,32.934467712306,-97.247942823556,Match,Non_Exact,"350 KELLER PKWY, KELLER, TX, 76248",102121107,R,"350 KELLER PKWY, KELLER, TX, 76248-3447"
220908,32.563572490307,-97.136115412945,Match,Non_Exact,"605 E BROAD ST, MANSFIELD, TX, 76063",102147596,R,"605 E BROAD ST, MANSFIELD, TX, 76063-1794"
220910,32.812144127582,-97.437586415869,Match,Non_Exact,"6805 TELEPHONE RD, LAKE WORTH, TX, 76135",101851897,L,"6805 TELEPHONE RD, LAKE WORTH, TX, 76135-2899"
220912,32.606865461871,-97.35143469334,Match,Non_Exact,"1900 CROWLEY PRIDE DR, CROWLEY, TX, 76036",658474920,L,"1900 CROWLEY PRIDE DR, FORT WORTH, TX, 76036-0688"
220914,32.647417286668,-97.222084139448,Match,Exact,"120 W KENNEDALE PKWY, KENNEDALE, TX, 76060",101903745,R,"120 W KENNEDALE PKWY, KENNEDALE, TX, 76060"
220915,32.896583752238,-97.543620685409,Match,Non_Exact,"300 ROE ST, AZLE, TX, 76020",101849197,R,"300 ROE ST, AZLE, TX, 76020-3194"
220916,32.836150625514,-97.133595542133,Match,Non_Exact,"1849A CENTRAL DR, BEDFORD, TX, 76022",638340103,L,"1849A CENTRAL DR, BEDFORD, TX, 76022-6096"
220917,32.777146007221,-97.398803650393,Match,Non_Exact,"5228 OHIO GARDEN RD, FORT WORTH, TX, 76114",101853434,R,"5228 OHIO GARDEN RD, FORT WORTH, TX, 76114-3729"
220919,32.972060428962,-97.134088286201,Match,Exact,"2400 N CARROLL AVE, SOUTHLAKE, TX, 76092",102089772,L,"2400 N CARROLL AVE, SOUTHLAKE, TX, 76092"
220920,32.759797856813,-97.459404476577,Match,Non_Exact,"8224 WHITE SETTLEMENT RD, WHITE SETTLEMENT, TX, 76108",101876972,R,"8224 WHITE SETTLEMENT RD, WHITE SETTLEMENT, TX, 76108-2521"
221901,32.455302746893,-99.756842661218,Match,Non_Exact,"2800 N 6TH ST, ABILENE, TX, 79603",129959302,R,"2800 N 6TH ST, ABILENE, TX, 79603-7190"
221912,32.375054229082,-99.77384372231,Match,Non_Exact,"6251 BUFFALO GAP RD, ABILENE, TX, 79606",129961034,R,"6251 BUFFALO GAP RD, ABILENE, TX, 79606-5448"
223901,33.181143372011,-102.269518727405,Match,Non_Exact,"601 TAHOKA RD, BROWNFIELD, TX, 79316",185891901,R,"601 TAHOKA RD, BROWNFIELD, TX, 79316-3631"
223902,33.340646527843,-102.210723066513,Match,Non_Exact,"604 4TH ST, MEADOW, TX, 79345",185890366,L,"604 4TH ST, MEADOW, TX, 79345-9801"
224901,33.182896140376,-99.179078097516,Match,Non_Exact,"210 COLLEGE ST, THROCKMORTON, TX, 76483",183083080,L,"210 COLLEGE ST, THROCKMORTON, TX, 76483-5011"
225906,33.112401392289,-94.886478388702,Match,Exact,"1069 CO RD 4660, MOUNT PLEASANT, TX, 75455",83229182,R,"1069 CR 4660, MOUNT PLEASANT, TX, 75455"
225907,33.211548073422,-94.951165648883,Match,Non_Exact,"3506 FARM RD 1402, MOUNT PLEASANT, TX, 75455",83235676,L,"3506 FM 1402, MOUNT PLEASANT, TX, 75455-9751"
226903,31.433643728935,-100.453220931892,Match,Non_Exact,"1621 UNIVERSITY AVE, SAN ANGELO, TX, 76904",190680986,L,"1621 UNIVERSITY AVE, SAN ANGELO, TX, 76904-5164"
226905,31.391188971462,-100.400575559316,Match,Exact,"2405 FAIRVIEW SCHOOL RD, SAN ANGELO, TX, 76904",190684808,R,"2405 FAIRVIEW SCHOOL RD, SAN ANGELO, TX, 76904"
226906,31.391188971462,-100.400575559316,Match,Exact,"2405 FAIRVIEW SCHOOL RD, SAN ANGELO, TX, 76904",190684808,R,"2405 FAIRVIEW SCHOOL RD, SAN ANGELO, TX, 76904"
226907,31.559129105042,-100.546865359434,Match,Non_Exact,"8207 US HWY 87 SVC RD, SAN ANGELO, TX, 76901",619579121,L,"8207 U S HWY 87 N, SAN ANGELO, TX, 76901"
226908,31.391188971462,-100.400575559316,Match,Non_Exact,"2405 FAIRVIEW SCHOOL RD, SAN ANGELO, TX, 76904",190684808,R,"2405 FAIRVIEW SCHOOL RD, SAN ANGELO, TX, 76904-9664"
227804,30.403789319453,-97.67884298177,Match,Non_Exact,"12333 N LAMAR BLVD, AUSTIN, TX, 78753",63933950,R,"12333 N LAMAR BLVD, AUSTIN, TX, 78753-6507"
227806,30.260348972583,-97.718535789296,Match,Non_Exact,"2200 E 6TH ST, AUSTIN, TX, 78702",63947261,L,"2200 E 6TH ST, AUSTIN, TX, 78702-7667"
227819,30.260348972583,-97.718535789296,Match,Exact,"2200 E 6TH ST, AUSTIN, TX, 78702",63947261,L,"2200 E 6TH ST, AUSTIN, TX, 78702"
227901,30.219615646905,-97.750016620145,Match,Non_Exact,"4000 S I- 35, AUSTIN, TX, 78704",637851494,R,"4000 S IH 35 FRONTAGE RD, AUSTIN, TX, 78704"
227904,30.446685430783,-97.635386739301,Match,Non_Exact,"1401 PECAN ST W, PFLUGERVILLE, TX, 78660",641803663,R,"1401 W PECAN ST, PFLUGERVILLE, TX, 78660-2518"
227907,30.345834767638,-97.571752773194,Match,Non_Exact,"10335 US HWY 290, MANOR, TX, 78653",641905377,R,"10335 HWY 290E, MANOR, TX, 78653"
227909,30.279168445563,-97.812904907298,Match,Non_Exact,"401 CAMP CRAFT RD, AUSTIN, TX, 78746",64017578,L,"401 CAMP CRAFT RD, AUSTIN, TX, 78746-6511"
227910,30.178219272974,-97.61519984697,Match,Exact,"5301 ROSS RD, DEL VALLE, TX, 78617",646489385,L,"5301 ROSS RD, DEL VALLE, TX, 78617"
227912,30.256132402307,-97.698946588806,Match,Exact,"4900 GONZALES ST, AUSTIN, TX, 78702",63949021,L,"4900 GONZALES ST, AUSTIN, TX, 78702"
227913,30.319101233114,-97.951622644021,Match,Non_Exact,"3322 RANCH RD 620 S, AUSTIN, TX, 78738",654552305,R,"3322 RANCH RD 620 S, AUSTIN, TX, 78738-6801"
228904,31.176145672411,-95.049627509497,Match,Non_Exact,"10327 STATE HWY 94, GROVETON, TX, 75845",24366788,L,"10327 N STATE HWY 94, GROVETON, TX, 75845-2651"
229903,30.77833929903,-94.416165055202,Match,Non_Exact,"505 N CHARLTON ST, WOODVILLE, TX, 75979",24406812,L,"505 N CHARLTON ST, WOODVILLE, TX, 75979-4504"
229906,30.9292311154,-94.594650207475,Match,Non_Exact,"273 YELLOW JACKET DR, CHESTER, TX, 75936",24419653,L,"273 YELLOWJACKET DR, CHESTER, TX, 75936-2711"
230902,32.730763254771,-94.954421837772,Match,Non_Exact,"245 N BRADFORD ST, GILMER, TX, 75644",147587477,R,"245 N BRADFORD ST, GILMER, TX, 75644-0040"
230903,32.806334862999,-94.720664250627,Match,Non_Exact,"100 REBEL ST, ORE CITY, TX, 75683",147586715,L,"100 REBEL RD, ORE CITY, TX, 75683-0100"
230904,32.813484064688,-94.977578506879,Match,Non_Exact,"2197 FM 2088, GILMER, TX, 75644",147585835,L,"2197 FM 2088, GILMER, TX, 75644-5559"
230905,32.753345420178,-95.106157361485,Match,Non_Exact,"9788 STATE HWY 154, BIG SANDY, TX, 75755",147583999,R,"9788 STATE HWY 154 W, BIG SANDY, TX, 75755"
230906,32.708292374296,-94.752017889103,Match,Non_Exact,"1381 US HWY 259, DIANA, TX, 75640",147618772,L,"1381 US HWY 259 S, DIANA, TX, 75640"
232903,29.222214060096,-99.791279097938,Match,Exact,"1000 N GETTY ST, UVALDE, TX, 78801",183444683,R,"1000 N GETTY ST, UVALDE, TX, 78801"
234902,32.548701162466,-95.865034546578,Match,Non_Exact,"1045 S BUFFALO ST, CANTON, TX, 75103",42919741,L,"1045 S BUFFALO, CANTON, TX, 75103-1799"
234903,32.693863224913,-95.875311287194,Match,Non_Exact,"804 E PINE ST, EDGEWOOD, TX, 75117",42916364,L,"804 E PINE ST, EDGEWOOD, TX, 75117-0006"
234904,32.684244936743,-95.712063346718,Match,Non_Exact,"400 W STADIUM DR, GRAND SALINE, TX, 75140",42917276,R,"400 STADIUM DR, GRAND SALINE, TX, 75140-1149"
234905,32.414829458242,-95.791901946458,Match,Non_Exact,"301 FM 1861, BEN WHEELER, TX, 75754",42911755,R,"301 F M 1861, MARTIN'S MILL, TX, 75754"
234907,32.708425756865,-96.010705272442,Match,Non_Exact,"338 W NORTH COMMERCE ST, WILLS POINT, TX, 75169",42913772,R,"338 W N COMMERCE ST, WILLS POINT, TX, 75169-2504"
234909,32.687009079552,-95.803112791433,Match,Non_Exact,"244 VZ COUNTY ROAD 1910, FRUITVALE, TX, 75127",42926227,R,"244 VZ COUNTY RD 1910, FRUITVALE, TX, 75127-0077"
235904,28.920745801988,-97.094794170803,Match,Non_Exact,"13254 NURSERY DR, VICTORIA, TX, 77904",44577598,R,"13254 NURSERY DR, VICTORIA, TX, 77904-0069"
236802,30.71216381996,-95.5453992333,Match,Non_Exact,"1908 BOBBY K MARKS DR, HUNTSVILLE, TX, 77340",22214910,L,"1908 BOBBY K MARK DR TEC 335, HUNTSVILLE, TX, 77341"
236901,30.537775832711,-95.481902330401,Match,Non_Exact,"355 E FRONT ST, NEW WAVERLY, TX, 77358",22200323,R,"355 FRONT ST, NEW WAVERLY, TX, 77358-3527"
236902,30.741982662517,-95.542662590852,Match,Non_Exact,"441 FM 2821 RD E, HUNTSVILLE, TX, 77320",22196129,R,"441 FM 2821 E, HUNTSVILLE, TX, 77320-9298"
237904,30.07410864235,-95.921647049214,Match,Exact,"20600 FIELDS STORE RD, WALLER, TX, 77484",634260607,R,"20600 FIELDS STORE RD, WALLER, TX, 77484"
238902,31.58888813546,-102.893258756093,Match,Non_Exact,"606 S BETTY AVE, MONAHANS, TX, 79756",182586766,R,"606 S BETTY AVE, MONAHANS, TX, 79756-5018"
240503,27.574032897188,-99.432767068731,Match,Exact,"5201 UNIVERSITY BLVD, LAREDO, TX, 78041",653215671,L,"5201 UNIVERSITY BLVD, LAREDO, TX, 78041"
240901,27.519965938211,-99.504545714451,Match,Exact,"2400 SAN BERNARDO AVE, LAREDO, TX, 78040",21670752,L,"2400 SAN BERNARDO AVE, LAREDO, TX, 78040"
240903,27.573624235375,-99.480268237694,Match,Non_Exact,"201 S LINDENWOOD DR, LAREDO, TX, 78045",21689247,R,"201 LINDENWOOD DR, LAREDO, TX, 78045-2499"
241902,29.5257021807,-96.06456380574,Match,Exact,"723 COLLEGE ST, EAST BERNARD, TX, 77435",42482979,R,"723 COLLEGE ST, EAST BERNARD, TX, 77435"
241903,29.201388123465,-96.283607684193,Match,Non_Exact,"700 W NORRIS ST, EL CAMPO, TX, 77437",42490571,R,"700 W NORRIS, EL CAMPO, TX, 77437-2499"
241904,29.329453957659,-96.092741989811,Match,Non_Exact,"2100 N FULTON ST, WHARTON, TX, 77488",42489153,R,"2100 N FULTON ST, WHARTON, TX, 77488-3146"
242902,35.214477284833,-100.240283323258,Match,Non_Exact,"100 S ILLINOIS ST, SHAMROCK, TX, 79079",170116181,R,"100 S ILLINOIS ST, SHAMROCK, TX, 79079-2434"
243901,34.093464622472,-98.569228032046,Match,Non_Exact,"100 N AVE D, BURKBURNETT, TX, 76354",169853516,R,"100 N AVE D, BURKBURNETT, TX, 76354-2499"
243902,34.026177295631,-98.924899091121,Match,Non_Exact,"601 S BAILEY ST, ELECTRA, TX, 76360",169832331,L,"601 S BAILEY, ELECTRA, TX, 76360-2999"
243903,33.942675597193,-98.663156155715,Match,Non_Exact,"800 TEXOWA RD, IOWA PARK, TX, 76367",169838960,L,"800 S TEXOWA, IOWA PARK, TX, 76367-2654"
243905,33.873208178433,-98.532978621318,Match,Non_Exact,"3807 KEMP BLVD, WICHITA FALLS, TX, 76308",169842839,L,"3807 KEMP, WICHITA FALLS, TX, 76308"
243906,33.942669423266,-98.553283024729,Match,Non_Exact,"1600 CITY VIEW DR, WICHITA FALLS, TX, 76306",169856002,L,"1600-A CITY VIEW DR, WICHITA FALLS, TX, 76306"
244901,34.077931196102,-99.03206716153,Match,Non_Exact,"18106 STEWART ST, HARROLD, TX, 76364",183244625,L,"18106 STEWART ST, HARROLD, TX, 76364-0400"
244903,34.152703318282,-99.283494343368,Match,Non_Exact,"1713 WILBARGER ST, VERNON, TX, 76384",183240132,L,"1713 WILBARGER ST, VERNON, TX, 76384-4741"
244905,34.305237608687,-99.29889610096,Match,Non_Exact,"18040 US HWY 283, VERNON, TX, 76384",183238646,R,"18040 HWY 283 N, VERNON, TX, 76384-9801"
245903,26.467019658283,-97.778683708444,Match,Non_Exact,"419 FM 3168, RAYMONDVILLE, TX, 78580",88266564,L,"419 FM 3168, RAYMONDVILLE, TX, 78580-3351"
246902,30.844787878964,-97.793868925883,Match,Exact,"306 COLLEGE AVE, FLORENCE, TX, 76527",126411382,R,"306 COLLEGE AVE, FLORENCE, TX, 76527"
246904,30.633344929031,-97.672973850429,Match,Exact,"507 E UNIVERSITY AVE, GEORGETOWN, TX, 78626",126416566,R,"507 E UNIVERSITY AVE, GEORGETOWN, TX, 78626"
246906,30.544774896413,-97.543194261606,Match,Non_Exact,"200 COLLEGE ST, HUTTO, TX, 78634",126425828,R,"200 COLLEGE ST, HUTTO, TX, 78634-0430"
246907,30.828937556836,-97.607061567286,Match,Exact,"504 N 5TH ST, JARRELL, TX, 76537",636384474,R,"504 N 5TH ST, JARRELL, TX, 76537"
246908,30.666136732219,-97.921707873869,Match,Exact,"301 FORREST ST, LIBERTY HILL, TX, 78642",126462301,L,"301 FORREST ST, LIBERTY HILL, TX, 78642"
246909,30.511682932191,-97.695551787996,Match,Non_Exact,"1311 ROUND ROCK AVE, ROUND ROCK, TX, 78681",640537490,L,"1311 ROUND ROCK AVE, ROUND ROCK, TX, 78681-4941"
246911,30.592658554672,-97.413215422253,Match,Non_Exact,"3101 N MAIN ST, TAYLOR, TX, 76574",126521801,L,"3101 N MAIN ST STE 104, TAYLOR, TX, 76574-2998"
246912,30.590462278048,-97.296522733382,Match,Non_Exact,"107 S BOUNDS ST, THRALL, TX, 76578",126445964,R,"107 S BOUNDS ST, THRALL, TX, 76578-0398"
246913,30.491923247303,-97.828326838015,Match,Non_Exact,"1209 CYPRESS CREEK RD, CEDAR PARK, TX, 78613",658216033,R,"1209 CYPRESS CREEK RD, CEDAR PARK, TX, 78613-3613"
246914,30.453051799749,-97.390413582307,Match,Non_Exact,"620 S COMMERCE ST, COUPLAND, TX, 78615",126429836,L,"620 S COMMERCE ST, COUPLAND, TX, 78615-0217"
247901,29.137256797279,-98.157949681753,Match,Non_Exact,"1200 5TH ST, FLORESVILLE, TX, 78114",54879053,R,"1200 5TH ST, FLORESVILLE, TX, 78114-1852"
247903,29.356794952555,-98.120780911693,Match,Non_Exact,"13600 US HWY 87, LA VERNIA, TX, 78121",656985437,R,"13600 US HWY 87 W, LA VERNIA, TX, 78121-9554"
247904,29.137256797279,-98.157949681753,Match,Non_Exact,"1200 5TH ST, FLORESVILLE, TX, 78114",54879053,R,"1200 5TH ST, FLORESVILLE, TX, 78114-1852"
248901,31.851320182538,-103.089851689792,Match,Non_Exact,"601 S POPLAR ST, KERMIT, TX, 79745",139636013,L,"601 S POPLAR, KERMIT, TX, 79745-4712"
249902,33.075499519385,-97.571914435453,Match,Non_Exact,"600 KNOX AVE, BOYD, TX, 76023",657515706,L,"600 KNOX AVE, BOYD, TX, 76023-3608"
249903,33.220235050487,-97.751842169467,Match,Non_Exact,"2107 15TH ST, BRIDGEPORT, TX, 76426",636352657,L,"2107 15TH ST, BRIDGEPORT, TX, 76426-0036"
249905,33.232558815113,-97.582990751139,Match,Non_Exact,"307 S CATES ST, DECATUR, TX, 76234",103665321,R,"307 S CATES, DECATUR, TX, 76234-2360"
249906,33.144940197204,-97.691844628614,Match,Non_Exact,"338 SCHOOL HOUSE RD, PARADISE, TX, 76073",654879624,L,"338 SCHOOLHOUSE RD, PARADISE, TX, 76073-0646"
250904,32.803073709184,-95.439796424633,Match,Non_Exact,"600 WINNSBORO ST, QUITMAN, TX, 75783",42976441,L,"600 N WINNSBORRO, QUITMAN, TX, 75783-1640"
250905,32.930491400041,-95.577250071027,Match,Exact,"105 W OAK ST, YANTIS, TX, 75497",42972587,R,"105 W OAK ST, YANTIS, TX, 75497"
250906,32.759250618974,-95.586822004898,Match,Non_Exact,"1373 CO RD 2377, ALBA, TX, 75410",42975746,R,"1373 CR 2377, ALBA, TX, 75410-9706"
250907,32.952730914283,-95.28846633752,Match,Non_Exact,"505 S CHESTNUT ST, WINNSBORO, TX, 75494",42974065,R,"505 S CHESTNUT ST BLDG C, WINNSBORO, TX, 75494-2628"
251901,32.969284928084,-102.836456411111,Match,Non_Exact,"501 MUSTANG DR, DENVER CITY, TX, 79323",171733475,L,"501 MUSTANG AVE, DENVER CITY, TX, 79323-2752"
252901,33.105859717537,-98.592868653701,Match,Non_Exact,"400 3RD ST, GRAHAM, TX, 76450",183299792,L,"400 3RD ST, GRAHAM, TX, 76450-3011"
254901,28.687292503119,-99.823538976431,Match,Non_Exact,"805 E CROCKETT ST, CRYSTAL CITY, TX, 78839",647881311,L,"805 E CROCKETT ST, CRYSTAL CITY, TX, 78839-2799"
